8;"6,403124237";;"22,09072203";;"33,73425559";;"33,24154028";;"24,08318916";;"5,656854249";;"9,433981132";;"11,18033989";;"16,40121947";;"14,4222051";;"16,55294536";;"5,385164807";;4;;"27,01851217";;"26,92582404";;"18,68154169";;"16,2788206";;"36,87817783";;"39,11521443";;"34,0147027";;"32,89376841"
9;"12,16552506";;"18,43908891";;"37,53664876";;50;;"57,00877125";;"12,16552506";;"19,6468827";;"38,32753579";;"50,69516742";;"16,55294536";;"22,36067977";;"41,10960958";;"53,00943312";;"30,14962686";;"27,78488798";;"32,20248438";;"37,10795063";;"44,01136217";;"41,59326869";;"37,12142239";;"34,05877273"
10;"74,06078585";;"44,28317965";;"23,19482701";;"16,4924225";;"22,13594362";;"41,43669871";;"38,20994635";;"33,9705755";;"31,82766093";;"48,10405388";;"46,61544808";;"34,6554469";;"28,42534081";;"54,08326913";;"54,20332093";;"44,20407221";;"39,20459157";;"59,20304046";;"56,46237685";;"49,24428901";;"48,33218389"
15;"45,65084884";;"75,21303079";;"98,35141077";;"119,8206994";;"132,0340865";;"100,1299156";;"126,8739532";;"118,5326959";;"106,329676";;"95,18928511";;"111,4136437";;"100,4041832";;"89,37561189";;"86,31338251";;"99,86490875";;"88,60022573";;"74,65252842";;"73,78346698";;"85,14693183";;"74,96665926";;"64,03124237"
16;"41,61730409";;61;;"97,1699542";;"122,6539849";;"137,6154061";;"100,5683847";;"127,3891675";;"133,0939518";;"130,2497601";;"85,51023331";;"106,5692263";;"107,8239306";;"101,6710382";;"70,11419257";;"84,85281374";;"83,52245207";;"75,6439026";;"58,6003413";;"61,40032573";;"56,32051136";;"47,04253395"
16;6;;"45,54119015";;"67,26812024";;"68,11754546";;"61,03277808";;"18,24828759";;"10,29563014";;"20,22374842";;"29,15475947";;15;;"18,11077028";;"2,236067977";;"10,19803903";;"45,09988914";;"48,25971405";;"30,2654919";;"17,11724277";;"70,25667228";;"78,77182237";;"65,37583651";;"52,08646657"
17;"51,7880295";;"98,41239759";;"147,1767645";;"179,5132307";;"204,1200627";;"155,5024116";;"187,7578227";;"192,0937271";;"183,1420214";;"138,09055";;"166,0271062";;"157,8131807";;"143,199162";;"125,399362";;"150,1366045";;"132,9661611";;"113,039816";;"118,5959527";;"140,431478";;"121,6305883";;"97,80081799"
18;"51,7880295";;"99,80981916";;"149,8332406";;"183,0682933";;"208,2162338";;"149,9066376";;"184,4559568";;"188,9576672";;"181,8378398";;131;;"159,2011306";;"150,3329638";;"135,1480669";;"115,5205609";;"141,9894362";;"124,5351356";;"105,4751155";;"107,3778376";;"130,6330739";;"114,6123903";;"93,0376268"
18;"2,236067977";;"2,236067977";;"2,828427125";;4;;"6,708203932";;2;;"7,280109889";;"2,236067977";;"2,828427125";;1;;"2,236067977";;"2,236067977";;"4,472135955";;2;;"3,605551275";;"5,385164807";;"8,602325267";;"3,605551275";;3;;"6,32455532";;"8,062257748"
19;"94,64142856";;"124,3382483";;"155,724115";;"186,3249849";;"205,4117816";;"156,3201842";;"176,0113633";;"184,133104";;"179,6273921";;"148,8623525";;"180,3995565";;"191,1570035";;"187,5793166";;"142,2743828";;"171,1870322";;"176,343415";;"169,8528775";;"132,3706916";;"156,1569723";;"164,5144371";;"160,2529251"
20;"94,64142856";;"125,3195914";;"158,4550409";;"189,066126";;"209,0861067";;"156,2049935";;"173,0115603";;"184,0978001";;"183,3930206";;"149,7531302";;"179,5466513";;"194,2498391";;"194,3296169";;"143,2654878";;"172,3513853";;"180,709712";;"175,26266";;"134,4953531";;"160,5272563";;"170,2997358";;"170,3173508"
20;"5,099019514";;13;;"16,03121954";;"17,02938637";;"17,11724277";;6;;"2,236067977";;2;;"4,242640687";;"1,414213562";;"6,708203932";;"3,16227766";;2;;"8,544003745";;"13,60147051";;"12,16552506";;"9,055385138";;"14,56021978";;"22,8035085";;"22,36067977";;"21,21320344"
21;"73,33484847";;"138,3220879";;"199,1506967";;"238,673417";;"268,6931335";;"197,5702407";;"237,7751038";;"250,1619475";;"248,1632527";;"175,1370892";;"200,1049725";;"208,1177551";;"201,2063617";;"145,8800877";;"166,4602055";;"173,0462366";;"170,7512811";;"118,6802427";;"127,2831489";;"135,014814";;"136,3671515"
22;"310,716913";;"339,3655846";;"359,3104507";;"376,8527564";;"391,5226686";;"327,2323334";;"343,8618909";;"359,6345367";;"365,492818";;"308,1850094";;"322,2002483";;"337,6684765";;"339,9911764";;"292,0770446";;"307,2100259";;"322,0139749";;"324,163539";;"284,2903445";;"291,1580327";;"303,1996042";;"307,2783754"
22;"276,8122107";;"269,6405014";;"250,5773334";;"236,2308193";;"218,2842184";;"227,8815482";;"212,6405418";;"207,2800039";;"204,1200627";;"228,0635876";;"211,9669786";;"206,3201396";;"205,3606584";;"230,2216323";;"214,7580033";;"209,0956719";;"207,1834936";;"234,6486736";;"217,2487054";;"209,990476";;"204,318379"
22;"98,35141077";;"152,1906699";;"201,30077";;"236,2117694";;"264,3709515";;"202,5561651";;"234,6763729";;"252,6420393";;"262,0477056";;"174,4133022";;"200,2023976";;"212,5299979";;"215,6965461";;"144,0312466";;166;;"182,3321146";;"186,9358179";;"112,2853508";;"127,8827588";;"145,5609838";;"158,8080602"
23;"345,2491854";;"360,0402755";;"367,141662";;"378,2591704";;"390,4779123";;"327,9649372";;"318,7506863";;"327,9054742";;"338,1952099";;"308,0211032";;"303,7581275";;"318,172909";;"325,2137758";;"296,3460815";;"289,2766842";;"303,4155566";;"310,5173103";;"290,4892425";;"278,9928314";;"290,0362046";;"299,9083193"
23;"283,3654884";;"279,4011453";;"262,1850492";;"245,2468145";;"226,5303512";;"229,2116925";;"199,4617758";;"187,1069213";;"183,0027322";;"222,6477038";;"192,7822606";;"182,3211452";;"179,2010045";;"218,6801317";;"189,4228075";;"175,3282636";;"169,6732153";;"221,0452442";;"189,1137224";;"172,4093965";;"162,5207679"
23;"98,27003612";;"151,1191583";;"200,0099998";;"237,0189866";;"259,3260496";;201;;"228,7094226";;"251,5094432";;"263,1539473";;"171,2921481";;"197,1243263";;"219,0091322";;"227,2663635";;"141,876707";;"162,3730273";;"184,0896521";;"194,8794499";;"113,8419958";;"122,8006515";;"141,0602708";;"157,4706322"
24;"340,1543767";;"362,2181663";;"371,9408555";;"386,9185961";;"398,3992972";;"327,946642";;"312,8514024";;"322,7785619";;"334,7715639";;"306,1845849";;"285,22272";;"298,0016778";;"309,6126612";;"293,9727879";;"270,8449741";;"279,5084972";;"288,7213189";;"289,2922398";;"267,6060537";;"273,642102";;"281,625638"
24;"278,298401";;"282,846248";;"271,1549373";;"258,5884762";;"242,2932108";;"220,8438362";;"192,6758937";;"184,567061";;"185,4319282";;"210,857772";;"180,5103875";;"174,1522323";;"177,0225974";;"207,6246613";;"177,9016582";;"169,3074127";;"170,7512811";;"209,3537676";;"184,3908891";;"176,5672676";;"175,1456537"
24;"106,606754";;"154,4668249";;"199,01005";;"232,0344802";;"254,2833066";;"199,0226118";;"225,0799858";;"247,0991704";;"260,1230478";;"171,1870322";;"191,0104709";;"213,2346126";;"223,503915";;"144,0138882";;"158,9779859";;"181,664526";;"193,8298223";;"118,6802427";;"130,9236419";;"149,1643389";;"164,924225"
25;"107,2800075";;"157,318149";;"199,0025125";;231;;256;;"199,0904317";;"224,1428116";;"246,1300469";;"260,0692216";;"169,1449083";;190;;"208,2402459";;"217,66488";;"139,9035382";;"154,5736071";;"174,4276354";;"185,148589";;"114,5862121";;"125,0039999";;"141,9471733";;"154,9451516"
17;"44,18144407";;"92,11405973";;"93,53608929";;"78,74642849";;"69,89277502";;"75,02666193";;"70,00714249";;"77,1038261";;"89,56003573";;"87,45856162";;"41,01219331";;"26,68332813";;"52,32590181";;"101,0198";;"47,38143096";;"24,73863375";;"26,17250466";;"108,2681855";;"64,07807737";;"36,79673899";;"29,73213749"
19;"11,18033989";;"24,8394847";;"27,20294102";;"22,84731932";;"14,56021978";;"6,32455532";;3;;5;;"11,70469991";;"18,78829423";;"13,92838828";;5;;"19,6468827";;"28,17800561";;"20,88061302";;"15,8113883";;"24,8394847";;"30,6757233";;"33,24154028";;"25,01999201";;"23,2594067"
20;"4,472135955";;"2,236067977";;"6,32455532";;"8,062257748";;"6,32455532";;"4,472135955";;0;;"7,071067812";;"14,56021978";;"8,544003745";;"11,66190379";;"6,403124237";;7;;"14,31782106";;"17,08800749";;"14,14213562";;"16,1245155";;"20,59126028";;"18,86796226";;"13,92838828";;"14,03566885"
21;"3,605551275";;"3,16227766";;5;;"5,385164807";;"8,062257748";;"6,08276253";;"7,071067812";;"11,18033989";;"15,29705854";;"4,123105626";;"3,16227766";;"2,828427125";;"3,605551275";;"2,236067977";;1;;1;;"1,414213562";;1;;3;;"3,605551275";;"2,236067977"
22;"4,123105626";;"2,236067977";;"3,605551275";;"2,828427125";;"7,071067812";;3;;"10,04987562";;"14,14213562";;"19,31320792";;3;;"4,472135955";;"2,236067977";;"3,605551275";;"4,472135955";;"4,242640687";;2;;"3,605551275";;"5,656854249";;"6,403124237";;"3,605551275";;"2,236067977"
23;"7,615773106";;2;;"1,414213562";;"2,236067977";;"5,385164807";;"5,385164807";;"2,236067977";;1;;3;;3;;"5,385164807";;"6,403124237";;"5,656854249";;"3,16227766";;"6,32455532";;"6,08276253";;"5,830951895";;"5,385164807";;"6,708203932";;"8,062257748";;8
24;"9,433981132";;"10,29563014";;"9,433981132";;"9,219544457";;"6,708203932";;"8,062257748";;"6,32455532";;"5,099019514";;"6,08276253";;"8,94427191";;"11,18033989";;"10,81665383";;"8,602325267";;"8,94427191";;"9,219544457";;"10,63014581";;"9,433981132";;"8,062257748";;"8,602325267";;"10,81665383";;"10,29563014"
25;"8,602325267";;"6,403124237";;"3,16227766";;"2,236067977";;5;;"6,403124237";;"5,830951895";;"7,071067812";;"8,062257748";;"7,280109889";;5;;0;;5;;"9,055385138";;"8,062257748";;1;;"6,08276253";;"10,04987562";;"8,602325267";;1;;"5,385164807"
26;5;;"2,236067977";;3;;"6,08276253";;"8,062257748";;"7,280109889";;"6,403124237";;"7,280109889";;"11,04536102";;"7,280109889";;"12,04159458";;"12,04159458";;"11,66190379";;5;;"10,77032961";;"11,40175425";;"9,055385138";;"6,708203932";;"11,70469991";;"11,18033989";;9
27;"30,6757233";;"53,07541804";;"58,66856058";;"51,86520992";;"32,20248438";;"35,84689666";;"47,75981575";;"80,09993758";;"122,0245877";;"27,78488798";;"54,81788029";;"41,40048309";;"60,92618485";;"24,0208243";;"35,4682957";;"16,1245155";;"45,79301257";;"20,61552813";;"23,85372088";;"7,211102551";;"33,01514804"
28;"37,64306045";;"58,69412236";;"66,28725368";;"57,27128425";;"35,4682957";;"34,71310992";;"42,94182111";;74;;"116,2970335";;"21,26029163";;"51,92301994";;"40,80441153";;"60,92618485";;"15,03329638";;"35,4682957";;"16,15549442";;"42,01190308";;"10,29563014";;"22,36067977";;"11,40175425";;"27,01851217"
28;"40,11234224";;"25,70992026";;"17,02938637";;"14,31782106";;"9,433981132";;"8,94427191";;"28,28427125";;"44,10215414";;"54,74486277";;"7,280109889";;"33,37663854";;"34,92849839";;"58,52349955";;"8,062257748";;"21,09502311";;5;;"16,40121947";;"8,544003745";;"16,2788206";;6;;"11,18033989"
29;"42,04759208";;"25,96150997";;"21,26029163";;"19,6977156";;"18,86796226";;"11,18033989";;"26,2488095";;38;;"48,66210024";;"6,403124237";;"38,11823711";;"42,48529157";;"64,32728814";;"5,385164807";;"24,35159132";;"11,40175425";;"19,84943324";;5;;"18,35755975";;"10,81665383";;"18,02775638"
29;5;;"5,830951895";;"4,123105626";;"5,099019514";;5;;"5,830951895";;"4,123105626";;"2,236067977";;"4,123105626";;"6,708203932";;"6,32455532";;"6,32455532";;"6,708203932";;"5,099019514";;"7,071067812";;"7,071067812";;"8,246211251";;"4,123105626";;"5,099019514";;"7,615773106";;"7,211102551"
30;"31,06444913";;"29,06888371";;"34,6554469";;"34,4818793";;"22,36067977";;"19,41648784";;"37,57658846";;"51,97114584";;"64,03124237";;"17,4642492";;"46,09772229";;"39,81205847";;"60,00833275";;"20,02498439";;"37,64306045";;"16,4924225";;"39,96248241";;"21,02379604";;"32,20248438";;"8,062257748";;"27,65863337"
31;"36,05551275";;"35,4682957";;"38,41874542";;"35,80502758";;"24,59674775";;"18,38477631";;"33,61547263";;"46,57252409";;"59,07622195";;"15,23154621";;"43,18564576";;"45,31004304";;"66,12866247";;"17,02938637";;"36,22154055";;"24,33105012";;"44,68780594";;"19,23538406";;"27,85677655";;"14,31782106";;"36,87817783"
31;"4,472135955";;"3,605551275";;"2,236067977";;"4,123105626";;"6,08276253";;"3,16227766";;1;;"1,414213562";;"3,605551275";;3;;"3,16227766";;5;;"6,403124237";;"3,16227766";;"3,605551275";;"4,472135955";;"8,246211251";;"5,385164807";;"2,828427125";;"6,403124237";;"13,92838828"
32;"3,605551275";;"1,414213562";;"3,16227766";;"3,605551275";;"7,615773106";;"3,16227766";;"2,236067977";;2;;0;;"3,605551275";;"3,16227766";;"8,544003745";;"10,63014581";;"3,605551275";;4;;"8,544003745";;"9,219544457";;"2,828427125";;4;;"10,44030651";;"13,45362405"
33;"2,828427125";;4;;3;;"2,236067977";;"2,236067977";;3;;4;;"3,16227766";;"4,123105626";;2;;3;;"3,605551275";;4;;1;;2;;"2,236067977";;1;;0;;1;;"2,236067977";;"2,236067977"
34;"3,605551275";;"1,414213562";;"3,16227766";;"3,16227766";;4;;"4,123105626";;"3,605551275";;"3,605551275";;"3,16227766";;4;;"3,605551275";;2;;"2,236067977";;4;;"1,414213562";;"2,236067977";;"2,236067977";;5;;"2,236067977";;"2,236067977";;"5,830951895"
35;4;;5;;"4,123105626";;"4,123105626";;"3,605551275";;"4,242640687";;"5,830951895";;"7,810249676";;"8,602325267";;"4,242640687";;"6,32455532";;"5,656854249";;"6,32455532";;"3,605551275";;"5,099019514";;5;;"6,708203932";;"3,16227766";;"6,08276253";;"3,16227766";;"4,242640687"
36;3;;"9,219544457";;"8,062257748";;"8,246211251";;8;;"4,472135955";;3;;"3,16227766";;"7,071067812";;6;;"11,18033989";;"13,60147051";;"12,36931688";;"6,08276253";;"13,60147051";;"15,5241747";;"14,31782106";;"5,830951895";;"14,31782106";;"20,02498439";;"24,41311123"
37;"51,41984053";;"73,24616031";;"72,9177619";;"58,6003413";;"37,01351105";;"30,59411708";;"39,11521443";;"61,52235366";;"89,20201791";;"21,9544984";;"43,17406629";;"42,19004622";;"56,88585061";;"23,19482701";;"30,41381265";;"28,7923601";;"37,12142239";;"22,47220505";;"19,6468827";;"22,56102835";;"41,18252056"
38;"58,85575588";;"77,4209274";;"77,79460136";;"61,7170965";;"39,69886648";;"33,01514804";;"33,30165161";;"53,93514624";;"79,0253124";;"18,43908891";;"41,10960958";;"47,01063709";;"62,12889827";;"16,03121954";;"29,01723626";;"34,53983208";;"41,48493703";;"14,31782106";;18;;"24,35159132";;"39,84971769"
5;5;;15;;"21,84032967";;"22,47220505";;"21,26029163";;"25,63201124";;"28,8444102";;"32,69556545";;"40,26164428";;"18,35755975";;"18,02775638";;"37,10795063";;"57,27128425";;"11,18033989";;"15,62049935";;"33,83784863";;"49,65883607";;"5,099019514";;"13,45362405";;"23,34523506";;"32,24903099"
6;"90,52071586";;"115,4339638";;"131,552271";;"135,2072483";;"131,4001522";;"109,5536398";;"130,3610371";;"125,7060062";;"112,7297654";;"103,0970417";;"130,9809146";;"113,1105654";;"93,26306879";;"110,6345335";;"136,5650028";;"117,3413823";;"99,92497185";;"125,7179383";;"142,6639408";;"130,3610371";;"113,7189518"
8;"5,099019514";;"52,77309921";;"76,53757247";;"80,5294977";;"90,68627239";;"69,35416354";;"68,26419266";;"63,56099433";;"61,22091146";;"23,32380758";;"11,18033989";;"38,83297568";;"79,69943538";;"31,6227766";;"53,00943312";;"78,81624198";;"105,6456341";;"71,34423593";;"98,00510191";;"111,0180166";;"122,6743657"
9;"49,01020302";;5;;"43,96589587";;"62,24146528";;"72,09022125";;"79,07591289";;"108,240473";;"118,9621789";;"119,9208072";;"75,00666637";;"102,2399139";;"97,12878049";;"93,00537619";;"83,35466394";;"103,3102125";;"81,4002457";;"65,19202405";;"102,6157883";;"123,1665539";;"114,2015762";;"104,4461584"
10;"423,8973932";;"467,041754";;"495,6984971";;"508,1613917";;"512,2352975";;"506,764245";;"526,9079616";;"530,3225434";;"529,5224263";;"480,8014143";;"504,983168";;"503,954363";;"502,0478065";;"450,9412379";;"464,3974591";;"453,6176804";;"444,4198465";;"417,3559632";;"425,3774794";;"421,5708719";;"416,9232543"
10;"444,1463723";;"448,2688925";;"456,6683698";;"468,7397999";;"478,7692555";;"484,979381";;"503,150077";;"500,6575676";;"489,3311762";;"484,1993391";;"501,3790981";;"493,4257796";;"477,8807383";;"478,0847205";;"490,0622409";;"478,3231126";;"463,061551";;"468,018162";;"478,0847205";;"470,5103612";;"461,9978355"
11;"440,3203379";;"444,370341";;"452,5980557";;"464,9440827";;"477,8974785";;"479,5299782";;"495,1545213";;"492,5738523";;"483,1438709";;"480,1301907";;"494,8141065";;"486,8695924";;"471,9163061";;"474,5039515";;"484,979381";;"472,704982";;"456,9463864";;"466,691547";;"473,1595925";;"466,4697203";;"456,6158123"
11;"465,3654478";;"473,1141511";;"482,3121396";;"491,4275125";;"497,5861734";;"539,0593659";;"565,7958996";;"580,0732712";;"591,4270876";;"537,2755345";;"529,1200242";;"503,1908187";;"481,1694088";;"517,9314626";;"492,40329";;"463,4414742";;"441,4306288";;"491,7082468";;"468,4709169";;"450,0055555";;"434,7712042"
13;"6,08276253";;"10,04987562";;"13,92838828";;"14,56021978";;"19,92485885";;"8,246211251";;"9,219544457";;"10,19803903";;11;;10;;"10,77032961";;"7,280109889";;"9,219544457";;"12,16552506";;"13,03840481";;"10,19803903";;"6,08276253";;"12,16552506";;"12,04159458";;"12,04159458";;"10,44030651"
14;"4,242640687";;"3,605551275";;"4,242640687";;3;;"4,123105626";;"4,472135955";;"5,099019514";;"8,062257748";;9;;"5,385164807";;"5,830951895";;"9,433981132";;"11,40175425";;"5,099019514";;"3,605551275";;3;;4;;"5,099019514";;"4,123105626";;"4,472135955";;5
15;3;;"2,828427125";;"2,236067977";;"2,828427125";;0;;"2,236067977";;"3,16227766";;1;;"2,236067977";;1;;3;;1;;"3,605551275";;1;;"5,099019514";;5;;4;;1;;4;;"4,123105626";;"3,605551275"
16;"4,123105626";;"4,472135955";;"5,656854249";;"5,830951895";;"7,071067812";;"5,385164807";;"3,16227766";;5;;"8,062257748";;"6,708203932";;5;;"5,099019514";;"6,708203932";;"5,830951895";;5;;"4,472135955";;"3,16227766";;"5,830951895";;"5,099019514";;"4,123105626";;2
17;"5,656854249";;5;;5;;"2,828427125";;"3,16227766";;"4,123105626";;"4,123105626";;5;;"5,830951895";;3;;"4,123105626";;"3,605551275";;"3,16227766";;"5,099019514";;"3,16227766";;"3,605551275";;"4,472135955";;5;;"4,123105626";;"4,472135955";;"4,472135955"
18;"2,236067977";;1;;1;;0;;"2,236067977";;"1,414213562";;"4,123105626";;5;;5;;"3,605551275";;"5,656854249";;"6,403124237";;"7,071067812";;"2,236067977";;"6,403124237";;"7,071067812";;"7,071067812";;"4,242640687";;"5,656854249";;"5,830951895";;"5,830951895"
19;"2,236067977";;"3,16227766";;"2,828427125";;"1,414213562";;"2,236067977";;"4,242640687";;"3,16227766";;3;;"2,828427125";;"2,236067977";;"7,810249676";;"7,810249676";;"6,32455532";;3;;"7,810249676";;"6,403124237";;"5,385164807";;"3,16227766";;"6,32455532";;"5,099019514";;5
20;1;;"1,414213562";;"2,236067977";;"6,08276253";;"9,055385138";;2;;"3,605551275";;"6,32455532";;"7,280109889";;1;;"4,242640687";;"4,242640687";;"2,236067977";;2;;1;;"1,414213562";;2;;"2,236067977";;"1,414213562";;"2,236067977";;"2,236067977"
21;"4,123105626";;1;;"4,242640687";;"9,219544457";;"15,65247584";;"2,236067977";;"3,605551275";;"6,708203932";;"8,062257748";;1;;0;;"1,414213562";;"3,605551275";;1;;"3,605551275";;"2,828427125";;3;;"1,414213562";;"2,828427125";;"2,236067977";;3
22;"437,7145188";;"405,6106507";;"401,6179777";;"404,6232816";;"413,0375286";;"487,2011905";;"532,1663274";;"556,493486";;"576,9514711";;"518,2759883";;"515,2125775";;"497,9658623";;"486,4863821";;"525,178065";;"501,7668781";;"483,9390457";;"471,8061042";;"516,2828682";;"501,5994418";;"493,5848458";;"489,7193074"
23;"438,9897493";;"407,4616546";;"404,8505897";;"405,2764489";;"410,182886";;"488,3574511";;"532,0761224";;"555,0828767";;"573,5259366";;"518,7957209";;"512,2206556";;"494,2762386";;"481,4332768";;"523,8263071";;"498,4586242";;"480,3352996";;"469,802086";;"515,4415583";;"502,003984";;"493,4338861";;"489,509959"
23;"450,0244438";;"418,2487298";;"404,6059812";;"397,0805964";;"396,7026594";;"469,2771036";;"490,9022306";;"513,4549639";;"539,2327883";;"500,3568726";;"476,8752457";;"462,7504727";;"458,2684803";;"511,6131351";;"475,0789408";;"461,5246472";;"458,0327499";;"511,4459893";;"492,382981";;"486,4339626";;"485,2308729"
24;"450,0244438";;"415,5237659";;"400,6220164";;"392,2371731";;"392,4754769";;"467,0588828";;"487,9518419";;"511,3208386";;"538,6139619";;"497,7569688";;"477,4484265";;"463,9935344";;"459,4605533";;"510,7210589";;"476,092428";;"462,0735872";;"456,973741";;"510,820908";;"491,500763";;"484,7690172";;"483,6465652"
24;"431,3420916";;"445,0269655";;"459,3223269";;"464,0366365";;"476,3034747";;"505,0564325";;"537,9005484";;"554,3509719";;"564,3580424";;"500,320897";;"485,27621";;"460,7211738";;"440,4100362";;"478,7744772";;"441,6480499";;"418,8520025";;"402,6834985";;"449,0167035";;"419,5473752";;"404,9357974";;"392,4512709"
25;"430,7040747";;"446,6598258";;"463,0259172";;"469,2845619";;"480,6880485";;"507,0069033";;"536,4932432";;"552,9385138";;"562,2250439";;"501,2883402";;"478,204977";;"452,8686344";;"428,0292046";;"478,5352652";;"436,1651064";;"412,825629";;"395,0316443";;"449,4997219";;"415,3131349";;"401,0486255";;"387,1808363"
25;"470,9925689";;"429,9593004";;"405,7905864";;"385,1298482";;"369,4807167";;"459,3528056";;"455,1098768";;"454,6570136";;"453,8028206";;"486,3846215";;"431,6676963";;"391,8290444";;"360,4677517";;"498,1967483";;"435,6523844";;"394,848072";;"368,4562389";;"504,0882859";;"456,6322371";;"425,3281086";;"403,5467755"
0;"52,34500931";;"18,24828759";;32;;"52,81098371";;"61,7170965";;"42,44997055";;"77,83315489";;"85,58621384";;"85,27602242";;"23,34523506";;"37,53664876";;"34,82814953";;"30,23243292";;"21,21320344";;"8,485281374";;"18,35755975";;"25,49509757";;"46,5188134";;"47,42362281";;"57,98275606";;"65,76473219"
1;"54,45181356";;"21,37755833";;"35,05709629";;"55,08175742";;"64,47480128";;"43,84062043";;"79,24645102";;"87,7268488";;"87,45856162";;"23,53720459";;"37,64306045";;"34,82814953";;"30,61045573";;"22,09072203";;10;;"20,59126028";;"30,08321791";;"48,75448697";;"48,91829923";;"59,39696962";;"66,52818951"
3;"1,414213562";;"1,414213562";;2;;"2,236067977";;"2,236067977";;"2,236067977";;"1,414213562";;"2,236067977";;"2,828427125";;"1,414213562";;1;;"1,414213562";;"2,236067977";;1;;0;;"2,236067977";;"2,236067977";;0;;0;;"1,414213562";;"2,236067977"
5;"53,07541804";;"21,09502311";;"24,33105012";;"42,3792402";;"53,23532662";;"36,12478374";;"69,3108938";;"75,69015788";;"74,81310046";;"21,21320344";;"36,79673899";;"31,89043744";;"27,65863337";;"17,4642492";;6;;"19,41648784";;"28,63564213";;"37,12142239";;"36,87817783";;"49,04079934";;"57,00877125"
6;"59,46427499";;"28,01785145";;"27,89265136";;"47,5394573";;"61,84658438";;"38,89730068";;"74,24957912";;"83,73768566";;"84,8763807";;"20,61552813";;"42,44997055";;"39,69886648";;"38,28837944";;"16,1245155";;"2,236067977";;"12,16552506";;"22,20360331";;"38,94868419";;"37,48332963";;"46,01086828";;"53,26349594"
7;"57,20139858";;"43,41658669";;"21,09502311";;"3,605551275";;"18,02775638";;"14,31782106";;"45,607017";;"58,66856058";;"67,23094526";;"14,86606875";;"45,27692569";;50;;"53,85164807";;"6,32455532";;"24,16609195";;"21,21320344";;"19,23538406";;"7,280109889";;"11,18033989";;"11,18033989";;14
8;"60,6052803";;"46,64761516";;"22,8035085";;"5,830951895";;"19,31320792";;"13,92838828";;"47,01063709";;"60,90155991";;"69,46221995";;"14,56021978";;"48,83646179";;55;;"59,68249325";;"7,071067812";;"28,63564213";;"25,70992026";;"23,02172887";;"7,615773106";;"13,92838828";;"12,80624847";;"14,31782106"
10;"62,42595614";;"51,10772936";;"27,01851217";;"8,062257748";;"18,97366596";;"8,246211251";;"42,43819035";;"58,6003413";;"68,9492567";;"10,44030651";;"45,3431362";;"52,43090692";;"57,80138407";;"4,472135955";;"29,15475947";;"25,49509757";;23;;"8,246211251";;"17,08800749";;"14,86606875";;"18,68154169"
11;"51,623638";;"41,34005322";;"23,70653918";;"4,242640687";;"14,2126704";;3;;"31,89043744";;"37,21558813";;"44,27188724";;"5,830951895";;"32,01562119";;"31,78049716";;"35,51056181";;"3,16227766";;"16,1245155";;"11,18033989";;19;;"10,04987562";;10;;"16,76305461";;"28,23118843"
12;"11,18033989";;"5,830951895";;"8,544003745";;"9,899494937";;"16,64331698";;"6,403124237";;"8,602325267";;"11,04536102";;"13,03840481";;"5,099019514";;5;;"15,55634919";;"21,9317122";;"5,385164807";;"14,2126704";;"31,30495168";;"42,72001873";;"6,708203932";;"13,45362405";;"22,82542442";;"30,08321791"
14;"586,3411976";;"523,2150609";;"480,1041554";;"463,0043196";;"473,0264263";;"519,1810859";;"490,0499974";;"484,0092974";;"487,065704";;"568,5534276";;"551,0009074";;"543,266049";;"541,3695595";;"612,3740687";;"598,0300996";;"590,0847397";;"589,0848835";;"648,9992296";;"644,3104842";;"637,1130198";;"633,1547994"
15;"559,0321994";;"518,0086872";;"488,0368839";;"479,0845437";;"490,1020302";;"524,5836444";;"513,2640646";;"507,010848";;"507,4248713";;"564,6848679";;"567,1066919";;"559,1082185";;"556,2912906";;"598,4755634";;"603,0008292";;"593,3043064";;"590,3388857";;"627,3858462";;"635,0070866";;"625,1351854";;"617,1166826"
15;"565,3538715";;"522,0612991";;"494,1457275";;"479,1377672";;"472,5473521";;"528,1940931";;"517,8465024";;"505,9169892";;"503,7787213";;"563,2051136";;"565,9796816";;"550,3835027";;"543,4059256";;"594,2793956";;"603,4633377";;"584,5348578";;"576,1249864";;"619,9887096";;"632,6649982";;"619,2915307";;"605,1619618"
16;"125,7179383";;"110,6028933";;"83,57032966";;"46,64761516";;"19,41648784";;"29,52964612";;"18,38477631";;"12,64911064";;"7,615773106";;"16,64331698";;"21,58703314";;8;;"10,04987562";;"7,211102551";;"18,97366596";;"7,810249676";;"14,31782106";;"10,81665383";;"15,26433752";;"14,31782106";;"19,41648784"
17;"556,167241";;"496,2297855";;"456,4263358";;"440,8185568";;"451,7388626";;"529,6413881";;"509,3456587";;"495,5814767";;"492,1991467";;"570,8563742";;"560,4721224";;"544,40518";;"538,4496262";;"601,1397508";;"598,3017633";;"584,3423654";;"579,5834711";;"619,8790205";;"626,3521374";;"618,4658438";;"615,7312726"
17;"576,1258543";;"522,5983161";;"486,0370356";;"473,2071428";;"472,8900506";;"526,6421935";;"523,0066921";;"523,2590181";;"522,2968505";;"564,7450752";;"571,5566464";;"565,215888";;"558,4344187";;"598,6551595";;"609,3972432";;"601,9169378";;"596,1493102";;"625,5405662";;"637,8847858";;"632,82304";;"627,2766535"
17;"103,8460399";;"94,9210198";;"88,54377448";;"84,07734534";;"84,05950273";;"29,42787794";;"16,1245155";;"24,18677324";;"25,45584412";;"16,2788206";;"17,4642492";;"26,62705391";;"43,41658669";;"12,64911064";;"15,8113883";;"23,85372088";;"41,18252056";;"15,03329638";;17;;"25,55386468";;"33,28663395"
18;"76,40026178";;"77,83315489";;"66,48308055";;"51,86520992";;"33,54101966";;"99,0403958";;"91,67878708";;"65,4599114";;"45,79301257";;"102,4890238";;"85,61541917";;"49,65883607";;"30,52867504";;"100,5683847";;"80,65358021";;"50,7740091";;"36,61966685";;"92,84934033";;"76,05918748";;"58,00862005";;"57,00877125"
19;"520,266278";;"495,7580055";;"485,0257725";;"479,8020425";;"475,1946969";;"523,6458727";;"525,6814625";;"512,4782922";;"501,3342199";;"545,7957493";;"549,8336112";;"534,4165042";;"518,1862599";;"559,0509816";;"557,6280122";;"537,7555207";;"523,2590181";;"563,3684407";;"558,3484575";;"540,2406871";;"522,7925019"
19;"529,797131";;"518,5103663";;"515,7984102";;"514,7436255";;"506,5461479";;"562,6099892";;"566,6259789";;"539,8092256";;"517,1305444";;"574,5546101";;"586,9412236";;"558,022401";;"533,730269";;"580,8838094";;"587,2180174";;"553,8817563";;"530,0037736";;"579,6524821";;"580,2973376";;"555,2963173";;"535,7200762"
21;"547,4568476";;"494,6958662";;"467,3435567";;"455,7159203";;"447,3678576";;"542,8268601";;"535,8292639";;"514,3150785";;"499,1031957";;"574,3561613";;"575,6570159";;"547,4641541";;"527,4665866";;"597,8043158";;"599,9641656";;"571,3090232";;"551,2640021";;"610,6594796";;"614,2084337";;"594,5418404";;"578,3813621"
21;"527,5651619";;"481,8640887";;"462,8714724";;"464,5912182";;"474,5460989";;"539,1196528";;"547,8777236";;"539,0695688";;"528,5697683";;"573,160536";;"578,0908233";;"556,7854165";;"537,2941466";;"597,2712951";;"597,9473221";;"576,3202235";;"557,976702";;"611,5962721";;"615,0593467";;"599,0726166";;"584,0214037"
22;"507,9576754";;"469,92127";;"459,155747";;"469,4347665";;"482,5971405";;"525,289444";;"545,8809394";;"533,9260248";;"515,4027551";;"560,307951";;"571,0945631";;544;;"516,23638";;"584,3911361";;"586,6856058";;"558,6447888";;"533,6665626";;"599,2703897";;"602,4167992";;"581,62273";;"561,9145843"
14;"18,86796226";;"22,20360331";;37;;"43,18564576";;"43,28972164";;"21,02379604";;"29,42787794";;"31,04834939";;"29,73213749";;"7,280109889";;"12,80624847";;"17,02938637";;"17,69180601";;20;;"14,31782106";;"13,03840481";;"13,60147051";;"36,40054945";;"36,87817783";;"32,24903099";;"29,01723626"
15;"19,31320792";;"4,242640687";;"9,848857802";;"19,84943324";;"24,69817807";;"14,4222051";;"18,86796226";;"13,60147051";;"12,20655562";;"6,708203932";;"10,81665383";;"7,810249676";;"5,830951895";;"5,385164807";;"5,830951895";;"8,062257748";;"10,81665383";;"11,18033989";;"12,08304597";;"18,02775638";;"19,10497317"
15;"3,605551275";;10;;"18,43908891";;"26,92582404";;"33,61547263";;"12,36931688";;"11,40175425";;"18,68154169";;"26,47640459";;"3,605551275";;"2,828427125";;"14,14213562";;"22,36067977";;"8,485281374";;"10,29563014";;"6,403124237";;"9,848857802";;"15,65247584";;"21,9544984";;"15,65247584";;"6,403124237"
16;17;;17;;"26,30589288";;"33,01514804";;"36,01388621";;"13,03840481";;26;;"31,38470965";;"29,15475947";;"3,16227766";;"20,09975124";;"18,11077028";;"10,29563014";;"11,70469991";;"16,1245155";;"8,94427191";;"6,403124237";;"21,63330765";;"20,22374842";;"18,97366596";;"19,20937271"
16;"9,848857802";;"6,708203932";;"5,656854249";;"8,062257748";;"11,70469991";;"12,20655562";;"18,43908891";;"18,24828759";;"15,8113883";;"11,40175425";;"10,19803903";;"8,246211251";;"5,099019514";;"12,16552506";;"7,071067812";;"7,211102551";;"9,899494937";;"18,02775638";;"16,64331698";;"22,6715681";;"29,06888371"
17;"16,2788206";;"8,544003745";;"26,2488095";;"33,9411255";;"35,60898763";;"26,07680962";;"28,86173938";;"22,84731932";;"15,8113883";;"18,86796226";;"19,41648784";;"11,40175425";;8;;"13,34166406";;"15,8113883";;"25,49509757";;"29,83286778";;"19,10497317";;"25,8069758";;"39,66106403";;"47,4341649"
18;"20,80865205";;"10,19803903";;"31,38470965";;"41,88078318";;"48,27007354";;"29,06888371";;"29,42787794";;"23,08679276";;"16,4924225";;"22,36067977";;"21,63330765";;"9,219544457";;"2,236067977";;"17,08800749";;"20,09975124";;"23,34523506";;"27,78488798";;"22,36067977";;"29,20616373";;"37,01351105";;"40,81666326"
18;"5,385164807";;"5,099019514";;1;;"2,236067977";;"3,605551275";;"3,16227766";;"7,615773106";;"8,94427191";;"9,219544457";;"2,236067977";;"7,615773106";;"8,062257748";;"7,280109889";;"2,236067977";;"4,472135955";;"4,123105626";;"5,099019514";;"2,236067977";;3;;"1,414213562";;"1,414213562"
19;"9,486832981";;6;;"4,123105626";;"2,236067977";;1;;1;;"5,099019514";;"5,099019514";;"4,123105626";;1;;5;;5;;3;;2;;"4,123105626";;"5,099019514";;3;;"4,123105626";;1;;0;;1
20;"314,9634899";;"297,5936827";;"275,3470537";;"253,5034517";;"236,0444873";;"272,3692347";;"260,4476915";;"252,4202844";;"247,3863375";;"277,8488798";;"266,9868911";;"260,8639492";;"260,1634102";;"283,2896045";;"275,960142";;"272,8369476";;"274,1678318";;"291,6247589";;"286,7141434";;"288,4614359";;"289,1712296"
21;"321,29737";;"302,2002647";;"277,5049549";;"253,6710468";;"235,0531855";;"275,1908429";;"263,1805464";;"253,7439654";;"248,3082761";;"279,6926885";;"267,8824369";;"260,3766503";;"260,9233604";;"285,5240795";;"275,960142";;"272,3710704";;"275,8785965";;"293,3939331";;"287,1793864";;"286,6670543";;"289,5807314"
21;"2,236067977";;"1,414213562";;"4,123105626";;5;;"5,099019514";;"1,414213562";;"2,236067977";;2;;2;;0;;0;;"2,236067977";;1;;0;;1;;"2,236067977";;1;;1;;1;;"2,236067977";;"2,236067977"
22;"341,9897659";;"301,0066444";;"269,8184575";;"247,6307735";;"234,6103152";;"262,2136533";;"246,5461417";;"243,1892267";;"253,6178227";;"284,1020943";;"267,8077669";;"265,1358143";;"274,1167634";;"309,2733419";;"287,0627109";;"281,5137652";;"281,2987735";;"337,0014837";;"317,1576895";;"310,1773686";;"311,2073264"
23;"342,147629";;"301,0149498";;"268,7452325";;"247,4873734";;"233,4180798";;"262,0858638";;"246,3371673";;"242,8662183";;"253,1896522";;"285,0982287";;"267,8077669";;"265,3978146";;"275,4087871";;"309,2733419";;"287,0627109";;"280,5155967";;"281,3965174";;"338,0059171";;"316,1913977";;"309,2701085";;"310,4593371"
23;"337,9260274";;"287,1741632";;"250,5992817";;"231,1579547";;"218,2200724";;"262,8802009";;"246,1320784";;"229,6889201";;"221,4723459";;"288,5134312";;"267,3013281";;"253,9547204";;"249,1625975";;"316,0711945";;"294,4350523";;"282,0070921";;"281,1440912";;"346,1748113";;"328,0060975";;"316,0775221";;"311,3149531"
24;"336,9287759";;"286,1747718";;"250,4575812";;"229,9565176";;"217,2671167";;"262,8802009";;"246,3371673";;"229,5125269";;"220,3361069";;"287,3917187";;"267,1722291";;"253,7892827";;"249,0983741";;"315,9905062";;"294,3824044";;"283,0017668";;"280,2159881";;"345,1753178";;"329,006079";;"317,0772776";;"312,3139446"
24;"338,7816406";;"288,2498916";;"253,9704707";;"234,957443";;"222,3803049";;"270,2961339";;"250,8804496";;"226,5149002";;"214,5739966";;"293,4706118";;"268,3076592";;"248,9377432";;"245,898353";;"322,1335127";;"296,5215001";;"279,6462051";;"277,0884335";;"352,2782991";;"334,6595285";;"318,5090266";;"311,2314251"
25;"343,5884166";;"288,0433995";;"250,4495957";;"232,1120419";;"219,1802911";;"265,5597861";;"248,1169079";;"225,3907718";;"215,5574169";;"288,5134312";;"264,0378761";;"245,2305038";;"243,8216561";;"316,0711945";;"289,8844597";;"274,7289573";;"276,0887538";;"346,1444785";;"327,7392256";;"313,5761471";;"308,2336776"
25;"350,0428545";;"296,4877738";;"257,6140524";;"235,8495283";;"221,0701246";;"269,6683148";;"248,1310138";;"231,8965287";;"224,3501727";;"291,4944253";;"263,5943854";;"249,280966";;"248,9176571";;"318,7130371";;"290,628629";;"277,0938469";;"278,1258708";;"348,3676219";;"328,0320106";;"310,452895";;"302,4913222"
26;"346,7636082";;"295,6771888";;"258,3060201";;"235,6480426";;"221,9481922";;"271,8308297";;"248,9096222";;"232,1572743";;"224,1160414";;"293,4706118";;"265,9360825";;"250,0819866";;"248,6201923";;"320,7023542";;"292,4790591";;"277,9658252";;"278,0377672";;"349,4137948";;"328,9513642";;"311,3534968";;"303,4864083"
26;"345,5792239";;"294,9779653";;"260,4995202";;"239,002092";;"228,2542442";;"273,4410357";;"250,4096644";;"231,1730953";;"221,3820228";;"294,7710976";;"267,7106647";;"249,3270944";;"240,8526521";;"321,9083721";;"297,1279186";;"276,5574081";;"267,8992348";;"350,5709629";;"334,4398302";;"316,5375175";;"305,4832238"
27;"343,8386249";;"293,8247777";;"259,2797717";;"238,6231338";;"227,378539";;"271,2729253";;"248,9096222";;"230,8679276";;"221,3820228";;"292,6380016";;"265,3469427";;"249,3270944";;"241,8201811";;"319,812445";;"295,9949324";;"276,5574081";;"268,0914023";;"349,5168093";;"333,4441482";;"315,5455593";;"303,5061779"
27;"346,6987165";;"297,8137002";;"260,9693469";;"239,5495773";;"227,2971623";;"274,417565";;"251,3722339";;"234,0085469";;"221,5626322";;"294,9321956";;"266,9400682";;"252,0674513";;"245,4220854";;"321,2553502";;"294,4588256";;"277,5049549";;"267,5855004";;"349,7570585";;"326,7736219";;"308,8689042";;"296,7456824"
5;"10,44030651";;"8,246211251";;"9,055385138";;"11,18033989";;"13,60147051";;"13,92838828";;"7,071067812";;5;;"4,242640687";;"14,56021978";;6;;"8,602325267";;"6,708203932";;"10,77032961";;"7,071067812";;"9,433981132";;"7,615773106";;"7,280109889";;"6,403124237";;"10,63014581";;"9,433981132"
7;"5,099019514";;"2,236067977";;"1,414213562";;"4,472135955";;"12,20655562";;"12,20655562";;"7,071067812";;"27,45906044";;"44,10215414";;10;;10;;"27,07397274";;"41,01219331";;"6,708203932";;"5,830951895";;"16,03121954";;"22,09072203";;3;;"5,099019514";;"14,14213562";;"21,09502311"
8;"21,84032967";;"16,1245155";;"14,03566885";;"16,55294536";;"29,20616373";;"8,485281374";;"23,34523506";;"45,69463864";;"61,6116872";;"7,071067812";;"27,65863337";;"46,81879964";;"60,41522987";;"4,472135955";;"22,47220505";;"32,89376841";;"38,32753579";;2;;"16,40121947";;"25,05992817";;"32,31098884"
11;5;;"3,16227766";;"6,403124237";;"2,236067977";;"13,03840481";;"19,02629759";;"12,36931688";;"16,15549442";;"12,64911064";;"18,02775638";;"10,63014581";;"15,55634919";;"13,45362405";;"13,60147051";;"9,486832981";;"14,86606875";;"12,08304597";;"12,72792206";;"7,280109889";;"10,19803903";;"10,77032961"
13;"1,414213562";;8;;8;;"6,08276253";;"2,828427125";;"22,36067977";;"12,64911064";;17;;"42,01190308";;"20,88061302";;"8,062257748";;"19,02629759";;"40,11234224";;"18,38477631";;"6,403124237";;"10,04987562";;"25,3179778";;"10,77032961";;"5,099019514";;"6,708203932";;"18,24828759"
14;"3,16227766";;"14,14213562";;"19,92485885";;"20,61552813";;"18,02775638";;29;;"27,65863337";;"32,75667871";;"39,81205847";;"26,01922366";;"23,53720459";;"32,28002478";;"39,05124838";;19;;"18,02775638";;"22,36067977";;"26,2488095";;13;;"11,66190379";;"14,86606875";;"19,72308292"
15;"6,08276253";;"19,10497317";;"29,73213749";;"37,20215048";;"41,23105626";;"19,6977156";;"8,94427191";;"12,04159458";;"12,04159458";;"27,80287755";;13;;"13,92838828";;"19,10497317";;"25,49509757";;"15,62049935";;"21,37755833";;"27,16615541";;"16,55294536";;"14,76482306";;"25,07987241";;"33,06055051"
16;"55,73149917";;"49,49747468";;"47,16990566";;"47,4341649";;"44,59820624";;"55,32630477";;"47,16990566";;"51,7880295";;"54,34151268";;"57,87054518";;"45,54119015";;"41,59326869";;"39,05124838";;"57,87054518";;"43,28972164";;"31,90611227";;"28,3019434";;"57,55866572";;"46,5295605";;"36,24913792";;"29,06888371"
17;"67,42403132";;"74,51845409";;"79,20858539";;"88,48163651";;"97,06183596";;"99,72462083";;"125,1319304";;"123,4058345";;118;;"114,72576";;"139,7032569";;"136,1322886";;"128,097619";;"125,9285512";;"149,966663";;"147,2752525";;"141,0141837";;"131,2440475";;"153,2220611";;"151,2514463";;"144,0138882"
19;"52,20153254";;"81,83520025";;"98,97979592";;"114,0394669";;"130,1460718";;"89,31965069";;"93,77632964";;"86,53900855";;"77,1621669";;"73,92563831";;"74,06078585";;"69,63476143";;"60,37383539";;"60,95900262";;"64,35060217";;"61,03277808";;"52,34500931";;"60,87692502";;"70,45565982";;"72,69112738";;"67,46851117"
20;"17,02938637";;"14,86606875";;"26,90724809";;"39,40812099";;"49,39635614";;"35,35533906";;"54,70831747";;"73,00684899";;82;;"37,94733192";;"68,02940541";;"80,95677859";;"83,86298349";;"42,75511665";;"65,520989";;"72,78049189";;"70,45565982";;"47,26520919";;"64,13267498";;"67,89698079";;"64,28063472"
21;"82,68010643";;"86,60831369";;"86,45229899";;"90,82400564";;"93,0376268";;"84,11896338";;"79,84985911";;"69,7782201";;"58,13776741";;82;;"66,64082833";;"48,76474136";;"32,89376841";;"81,04936767";;"65,9241989";;"51,4781507";;"43,32435804";;"81,88406438";;"71,56814934";;"62,64183905";;"57,72347876"
22;"361,8632338";;"357,1918252";;"376,3841123";;"395,9191837";;"409,2065493";;"423,5398446";;"434,6952956";;"426,3578309";;"413,5528987";;"426,28277";;"417,1678319";;"398,0201";;"381,9581129";;"421,9822271";;"404,499691";;"384,8869964";;"372,9798922";;"413,7342142";;"397,4040765";;"383,4005738";;"374,7332385"
22;"371,7109092";;"365,4038861";;"378,9050013";;"397,4128835";;"416,850093";;"414,1618041";;"444,182395";;"442,0373287";;"433,7061217";;"422,1670286";;"449,0267253";;"443,2031137";;"432,2603382";;"428,6000467";;"453,1511889";;"445,7319822";;"435,1666348";;"433,4166587";;"451,7388626";;"449,3239366";;"441,8144407"
23;15;;"16,76305461";;"15,65247584";;"13,03840481";;"9,219544457";;"14,31782106";;"11,70469991";;"22,13594362";;"26,92582404";;"14,31782106";;"14,86606875";;"28,46049894";;"34,20526275";;"14,03566885";;"16,1245155";;"27,65863337";;"31,57530681";;13;;"15,13274595";;"21,02379604";;23
24;"60,46486583";;"52,47856705";;"62,64183905";;"70,57619995";;"80,50465825";;"60,00833275";;"64,28063472";;"71,84705979";;"84,64632302";;"56,00892786";;"65,06919394";;"70,85901495";;"87,36131867";;"48,01041554";;"49,47726751";;"36,05551275";;"36,12478374";;"39,11521443";;"37,73592453";;"34,40930107";;"36,24913792"
25;"51,2249939";;40;;"43,8634244";;"46,5295605";;"53,08483776";;"44,55333882";;"52,77309921";;"61,81423784";;"71,06335202";;"39,05124838";;"50,009999";;"58,13776741";;"73,1641989";;"29,06888371";;"31,04834939";;"17,80449381";;"16,1245155";;"17,11724277";;"14,86606875";;"16,03121954";;"19,6977156"
25;"8,544003745";;"8,544003745";;9;;"10,44030651";;"11,66190379";;"8,246211251";;10;;"12,20655562";;15;;"10,19803903";;"9,899494937";;"12,04159458";;"16,40121947";;"11,18033989";;"12,80624847";;"13,60147051";;"14,86606875";;"11,40175425";;"14,14213562";;15;;"16,64331698"
26;10;;"6,403124237";;"8,485281374";;"7,810249676";;"9,219544457";;"9,433981132";;"13,60147051";;"14,4222051";;17;;"7,810249676";;"10,63014581";;"11,18033989";;"11,40175425";;"5,656854249";;"7,071067812";;"7,280109889";;"8,062257748";;"3,16227766";;2;;"4,472135955";;"5,830951895"
27;"11,70469991";;"10,81665383";;"14,2126704";;"19,72308292";;"26,07680962";;"7,615773106";;9;;"8,94427191";;"26,01922366";;"4,123105626";;"5,099019514";;"14,31782106";;"25,3179778";;"6,708203932";;"8,602325267";;"18,68154169";;"23,02172887";;"12,16552506";;"13,60147051";;"12,64911064";;"10,44030651"
28;"8,94427191";;12;;"9,055385138";;"7,071067812";;9;;"12,04159458";;"10,04987562";;"23,02172887";;"34,525353";;"9,219544457";;"11,40175425";;"22,20360331";;"29,96664813";;"4,472135955";;1;;"2,236067977";;"7,071067812";;"5,385164807";;"12,08304597";;"19,6977156";;"25,07987241"
29;"15,8113883";;"10,81665383";;"9,899494937";;"8,062257748";;"7,280109889";;"2,236067977";;"4,472135955";;"27,58622845";;"53,25410782";;"3,16227766";;"12,52996409";;"16,76305461";;"18,24828759";;"6,08276253";;"17,20465053";;"21,9544984";;"24,69817807";;"8,246211251";;"11,18033989";;"12,64911064";;15
30;6;;3;;"5,656854249";;"8,062257748";;"8,485281374";;"5,830951895";;"4,242640687";;"3,605551275";;"3,16227766";;"4,472135955";;"13,60147051";;"15,65247584";;"17,02938637";;"7,280109889";;"11,66190379";;"10,19803903";;"5,385164807";;"9,848857802";;"14,4222051";;"10,81665383";;"7,810249676"
