Hasil;0;;1;;2;;3;;4;;5;;6;;7;;8;;9;;10;;11;;12;;13;;14;;15;;16;;17;;18;;19;;20
Frame;R;;R;;R;;R;;R;;R;;R;;R;;R;;R;;R;;R;;R;;R;;R;;R;;R;;R;;R;;R;;R
5;10,44030651;;8,246211251;;9,055385138;;11,18033989;;13,60147051;;13,92838828;;7,071067812;;5;;4,242640687;;14,56021978;;6;;8,602325267;;6,708203932;;10,77032961;;7,071067812;;9,433981132;;7,615773106;;7,280109889;;6,403124237;;10,63014581;;9,433981132
7;5,099019514;;2,236067977;;1,414213562;;4,472135955;;12,20655562;;12,20655562;;7,071067812;;27,45906044;;44,10215414;;10;;10;;27,07397274;;41,01219331;;6,708203932;;5,830951895;;16,03121954;;22,09072203;;3;;5,099019514;;14,14213562;;21,09502311
8;21,84032967;;16,1245155;;14,03566885;;16,55294536;;29,20616373;;8,485281374;;23,34523506;;45,69463864;;61,6116872;;7,071067812;;27,65863337;;46,81879964;;60,41522987;;4,472135955;;22,47220505;;32,89376841;;38,32753579;;2;;16,40121947;;25,05992817;;32,31098884
11;5;;3,16227766;;6,403124237;;2,236067977;;13,03840481;;19,02629759;;12,36931688;;16,15549442;;12,64911064;;18,02775638;;10,63014581;;15,55634919;;13,45362405;;13,60147051;;9,486832981;;14,86606875;;12,08304597;;12,72792206;;7,280109889;;10,19803903;;10,77032961
13;1,414213562;;8;;8;;6,08276253;;2,828427125;;22,36067977;;12,64911064;;17;;42,01190308;;20,88061302;;8,062257748;;19,02629759;;40,11234224;;18,38477631;;6,403124237;;10,04987562;;25,3179778;;10,77032961;;5,099019514;;6,708203932;;18,24828759
14;3,16227766;;14,14213562;;19,92485885;;20,61552813;;18,02775638;;29;;27,65863337;;32,75667871;;39,81205847;;26,01922366;;23,53720459;;32,28002478;;39,05124838;;19;;18,02775638;;22,36067977;;26,2488095;;13;;11,66190379;;14,86606875;;19,72308292
15;6,08276253;;19,10497317;;29,73213749;;37,20215048;;41,23105626;;19,6977156;;8,94427191;;12,04159458;;12,04159458;;27,80287755;;13;;13,92838828;;19,10497317;;25,49509757;;15,62049935;;21,37755833;;27,16615541;;16,55294536;;14,76482306;;25,07987241;;33,06055051
16;55,73149917;;49,49747468;;47,16990566;;47,4341649;;44,59820624;;55,32630477;;47,16990566;;51,7880295;;54,34151268;;57,87054518;;45,54119015;;41,59326869;;39,05124838;;57,87054518;;43,28972164;;31,90611227;;28,3019434;;57,55866572;;46,5295605;;36,24913792;;29,06888371
17;67,42403132;;74,51845409;;79,20858539;;88,48163651;;97,06183596;;99,72462083;;125,1319304;;123,4058345;;118;;114,72576;;139,7032569;;136,1322886;;128,097619;;125,9285512;;149,966663;;147,2752525;;141,0141837;;131,2440475;;153,2220611;;151,2514463;;144,0138882
19;52,20153254;;81,83520025;;98,97979592;;114,0394669;;130,1460718;;89,31965069;;93,77632964;;86,53900855;;77,1621669;;73,92563831;;74,06078585;;69,63476143;;60,37383539;;60,95900262;;64,35060217;;61,03277808;;52,34500931;;60,87692502;;70,45565982;;72,69112738;;67,46851117
20;17,02938637;;14,86606875;;26,90724809;;39,40812099;;49,39635614;;35,35533906;;54,70831747;;73,00684899;;82;;37,94733192;;68,02940541;;80,95677859;;83,86298349;;42,75511665;;65,520989;;72,78049189;;70,45565982;;47,26520919;;64,13267498;;67,89698079;;64,28063472
21;82,68010643;;86,60831369;;86,45229899;;90,82400564;;93,0376268;;84,11896338;;79,84985911;;69,7782201;;58,13776741;;82;;66,64082833;;48,76474136;;32,89376841;;81,04936767;;65,9241989;;51,4781507;;43,32435804;;81,88406438;;71,56814934;;62,64183905;;57,72347876
22;361,8632338;;357,1918252;;376,3841123;;395,9191837;;409,2065493;;423,5398446;;434,6952956;;426,3578309;;413,5528987;;426,28277;;417,1678319;;398,0201;;381,9581129;;421,9822271;;404,499691;;384,8869964;;372,9798922;;413,7342142;;397,4040765;;383,4005738;;374,7332385
22;371,7109092;;365,4038861;;378,9050013;;397,4128835;;416,850093;;414,1618041;;444,182395;;442,0373287;;433,7061217;;422,1670286;;449,0267253;;443,2031137;;432,2603382;;428,6000467;;453,1511889;;445,7319822;;435,1666348;;433,4166587;;451,7388626;;449,3239366;;441,8144407
23;15;;16,76305461;;15,65247584;;13,03840481;;9,219544457;;14,31782106;;11,70469991;;22,13594362;;26,92582404;;14,31782106;;14,86606875;;28,46049894;;34,20526275;;14,03566885;;16,1245155;;27,65863337;;31,57530681;;13;;15,13274595;;21,02379604;;23
24;60,46486583;;52,47856705;;62,64183905;;70,57619995;;80,50465825;;60,00833275;;64,28063472;;71,84705979;;84,64632302;;56,00892786;;65,06919394;;70,85901495;;87,36131867;;48,01041554;;49,47726751;;36,05551275;;36,12478374;;39,11521443;;37,73592453;;34,40930107;;36,24913792
25;51,2249939;;40;;43,8634244;;46,5295605;;53,08483776;;44,55333882;;52,77309921;;61,81423784;;71,06335202;;39,05124838;;50,009999;;58,13776741;;73,1641989;;29,06888371;;31,04834939;;17,80449381;;16,1245155;;17,11724277;;14,86606875;;16,03121954;;19,6977156
25;8,544003745;;8,544003745;;9;;10,44030651;;11,66190379;;8,246211251;;10;;12,20655562;;15;;10,19803903;;9,899494937;;12,04159458;;16,40121947;;11,18033989;;12,80624847;;13,60147051;;14,86606875;;11,40175425;;14,14213562;;15;;16,64331698
26;10;;6,403124237;;8,485281374;;7,810249676;;9,219544457;;9,433981132;;13,60147051;;14,4222051;;17;;7,810249676;;10,63014581;;11,18033989;;11,40175425;;5,656854249;;7,071067812;;7,280109889;;8,062257748;;3,16227766;;2;;4,472135955;;5,830951895
27;11,70469991;;10,81665383;;14,2126704;;19,72308292;;26,07680962;;7,615773106;;9;;8,94427191;;26,01922366;;4,123105626;;5,099019514;;14,31782106;;25,3179778;;6,708203932;;8,602325267;;18,68154169;;23,02172887;;12,16552506;;13,60147051;;12,64911064;;10,44030651
28;8,94427191;;12;;9,055385138;;7,071067812;;9;;12,04159458;;10,04987562;;23,02172887;;34,525353;;9,219544457;;11,40175425;;22,20360331;;29,96664813;;4,472135955;;1;;2,236067977;;7,071067812;;5,385164807;;12,08304597;;19,6977156;;25,07987241
29;15,8113883;;10,81665383;;9,899494937;;8,062257748;;7,280109889;;2,236067977;;4,472135955;;27,58622845;;53,25410782;;3,16227766;;12,52996409;;16,76305461;;18,24828759;;6,08276253;;17,20465053;;21,9544984;;24,69817807;;8,246211251;;11,18033989;;12,64911064;;15
30;6;;3;;5,656854249;;8,062257748;;8,485281374;;5,830951895;;4,242640687;;3,605551275;;3,16227766;;4,472135955;;13,60147051;;15,65247584;;17,02938637;;7,280109889;;11,66190379;;10,19803903;;5,385164807;;9,848857802;;14,4222051;;10,81665383;;7,810249676
31;6,08276253;;5;;4,242640687;;4,123105626;;5,385164807;;5,830951895;;4,472135955;;2,236067977;;0;;6,708203932;;10;;11,66190379;;11,04536102;;7,810249676;;10,63014581;;8,062257748;;8,062257748;;7,810249676;;8,485281374;;8,602325267;;8,246211251
32;2,828427125;;2,236067977;;2,236067977;;1,414213562;;2,236067977;;1,414213562;;2;;2,236067977;;3,605551275;;1,414213562;;5;;5,385164807;;6,32455532;;0;;5;;5,099019514;;6,32455532;;1;;3,605551275;;4,472135955;;5,099019514
33;364,3583401;;375,0466638;;406,5525796;;435,4698612;;455,9923245;;449,8977662;;488,2315025;;516,8868348;;539,4979147;;449,0211576;;458,3939354;;442,8837319;;428,0770959;;439,6020928;;438,29214;;421,7309569;;406,2363844;;425,4056887;;423,1512732;;413,3231182;;402,6810152
34;362,9448994;;374,5090119;;407,0196555;;436,9450766;;460,3314024;;449,9288833;;488,4669897;;516,0397272;;538,2211441;;447,9575873;;457,7379163;;441,2346315;;428,7155234;;436,8489441;;437,8607084;;421,2944339;;406,7099704;;422,2250585;;421,4558103;;411,6017493;;401,4785175
34;6,32455532;;4;;5;;5;;5;;6,403124237;;6,403124237;;7,615773106;;8,246211251;;8,062257748;;5,385164807;;6,08276253;;7,071067812;;6,708203932;;8,94427191;;9,055385138;;10,63014581;;5,099019514;;9,219544457;;11;;14,4222051
35;357,0952254;;360,6272314;;395,0354414;;427,7873303;;450,9567607;;437,1201208;;487,804264;;513,2640646;;532,2264556;;443,9279221;;461,9372252;;440,1545183;;422,4937869;;441,4034436;;444,0867032;;423,9669798;;410,4655893;;434,0564479;;433,0461869;;418,0011962;;408,0110293
36;350,0185709;;355,5840266;;390,509923;;420,2975137;;438,0011416;;431,0568408;;482,0881662;;507,3854551;;525,3360829;;436,5775991;;453,0474589;;429,3925943;;413,2952939;;433,4166587;;435,6248386;;415,588739;;402,8808757;;425,7475778;;424,3229902;;410,0548744;;401,6627939
36;353,5647041;;361,4111232;;394,9392358;;424,1285183;;443,4974634;;425,5408324;;460,3694169;;487,5951189;;509,4477402;;429,6289096;;427,6564041;;409,2163242;;399,7123966;;425,470328;;414,3826734;;398,3892569;;390,6366598;;418,6322969;;406,7099704;;397,585211;;395,3492127
37;352,9320048;;354,2386201;;380,1578619;;407,3156025;;425,4621017;;418,1399287;;453,0474589;;481,3948483;;505,6530431;;424,7469835;;412,0800893;;396,0025252;;388,0270609;;422,4807688;;398,246155;;382,498366;;376,0850968;;417,2001918;;393,3776811;;382,8276375;;380,1578619
37;8,544003745;;9,433981132;;10,29563014;;13,03840481;;13,34166406;;10,44030651;;10,44030651;;9,219544457;;9,055385138;;11,40175425;;12,16552506;;11,40175425;;10,77032961;;13,15294644;;14,31782106;;13,92838828;;12,20655562;;13,03840481;;13,03840481;;12,36931688;;11,40175425
38;321,1681802;;286,8030683;;276,1231609;;272,6114451;;278,0287755;;335,0596962;;353,8997033;;371,597901;;388,0579854;;351,6390195;;328,0243893;;302,4979339;;290,9295447;;355,5348084;;319,751466;;298,8728827;;294,0493156;;351,9786925;;317,5547197;;301,0149498;;299,1889035
39;317,4035287;;281,4693589;;269,2582404;;264,6223724;;266,7601919;;326,741488;;347,3845132;;364,2965825;;379,1793771;;343,6859031;;314,4550842;;288,0451354;;278,298401;;347,828981;;309,5948966;;291,0841803;;288,9584745;;343,4239363;;305,6926561;;292,027396;;293,0017065
39;10;;9,219544457;;9,848857802;;10,19803903;;14,03566885;;8,246211251;;9;;10,04987562;;9;;8;;9,055385138;;9,486832981;;9,433981132;;10;;10,04987562;;8,062257748;;7,280109889;;10,04987562;;11;;11,18033989;;10,19803903
40;267,9272289;;216,4740169;;183,6110018;;160,5147968;;147,0034013;;226,9471304;;211,4828598;;209,8308843;;218,2956711;;251,1772283;;174,691156;;145,7154762;;140;;262,1774208;;183,3057555;;166,8831927;;171,1724277;;265,3639011;;201,159141;;185,6071119;;185,0432382
41;267,8451045;;217,9954128;;183,6981219;;157,2068701;;140,0892573;;225,015555;;207,4536093;;205,6015564;;212,1320344;;248,7086649;;171,4059509;;142,5236822;;134,6291202;;258,9401475;;179,5132307;;163,4166454;;166,4241569;;260,7393334;;196,6367209;;181,4662503;;179,4017837
41;5,830951895;;5,830951895;;4;;4,472135955;;8;;3;;5,385164807;;5,385164807;;4,472135955;;3;;5,656854249;;4,472135955;;3,16227766;;3;;8,94427191;;8,246211251;;5,099019514;;4,472135955;;7,211102551;;6,32455532;;5,099019514
42;255,4407955;;214,457455;;175,139944;;138,0036231;;112,0044642;;211,1160818;;179,0474797;;156,5407295;;144,5337331;;232,1745033;;137,0583817;;102,0784012;;91,35097153;;237,1349827;;136;;118,1058847;;122,0655562;;232,0538731;;149,0536816;;135,014814;;141,0141837
43;259,6959761;;215,7521726;;175,3453735;;138,0326048;;112,1605991;;208,038458;;173,8073646;;151,4760707;;141,0319113;;229,0785891;;129;;97,62171889;;92,39588735;;233,0772404;;132;;115,2128465;;119,3398508;;231,0194797;;148,0304023;;133;;138,014492
43;271,1401851;;205,1828453;;159,4521872;;124,1450764;;100,7174265;;206,3492186;;181,0110494;;156,5535052;;141,0390017;;229,7063343;;142,5798022;;112,5388822;;102,0832993;;239,1087619;;148,4890568;;129,988461;;128,1600562;;240,7529854;;164,1493223;;146,9863939;;145,3444185
44;265,8759109;;197,7169694;;151,6476179;;119,1049957;;97,08243919;;203,4158303;;177;;152,4532715;;137,2443077;;225,8007972;;138,2787041;;110,6932699;;103,4456379;;236,326046;;146,11297;;130,6024502;;130,9427356;;236,7826007;;162,9754583;;147,7091737;;146,7412689
44;277,9082582;;213,1900561;;169,7792685;;137,7679208;;117,1750827;;210,1523257;;172,2353042;;143,2654878;;127,5813466;;229,5321328;;140,1320806;;114,3896848;;107,0046728;;237,394187;;148,946299;;134,6142637;;131,946959;;235,1531416;;165,0757402;;151,0033112;;149,0536816
45;274,6343023;;210,7723891;;165,8945448;;133,8805438;;114,5600279;;206,3419492;;167,2991333;;138,0507153;;121,8400591;;225,7299271;;137,5681649;;115,9655121;;109,2016483;;232,6413549;;146,5366848;;133,2966616;;130,5986217;;231,8145811;;162,5853622;;149,4657151;;148,1418239
45;283,3813685;;227,6839915;;182,7840256;;150,5456741;;132,2308587;;212,8121237;;171,8284028;;140,014285;;122,7232659;;228,3199509;;141,8520356;;123,4058345;;117,034183;;233,5679773;;151,6113452;;138,9568278;;134,5250906;;233,1222855;;166,8592221;;154,5477273;;151,9539404
46;287,5030435;;231,7951682;;185,3267385;;148,6606875;;128,4445406;;211,5183207;;168,1814496;;135;;116,6619047;;226,0619384;;138,2244551;;118,2285921;;111,1260546;;231,3871215;;148,5294584;;136,242431;;131,0152663;;231,0411219;;165,0242406;;152,4631103;;148,7178537
46;288,1336495;;238,0756182;;192,6265818;;157,0127383;;138,0615805;;211,1231868;;169,5464538;;136,6199107;;114,8564321;;223,7610332;;140,1606221;;123,9072234;;118,8023569;;228,3593659;;147,6651618;;138,8416364;;136,0330842;;228,3243307;;163,370744;;152,8201557;;150,3362897
47;291,8989551;;239,9270723;;192,418814;;156,5407295;;135,67977;;211,0094785;;169,0473307;;133,9589489;;109,3709285;;222,6971037;;137,9275172;;119,5198728;;113,4548368;;226,7355288;;145,6468331;;136,1249426;;134,617978;;225,5504378;;160,0156242;;148,8086019;;147,8005413
47;286,513525;;234,6508044;;189,620674;;153,1828972;;130,9198228;;209,0287062;;168,884576;;132,0037878;;105,0428484;;222,3083444;;140,3566885;;124,6515142;;120,2081528;;226,4906179;;147,8715659;;138,6001443;;137,1787156;;225,0799858;;160,9099127;;149,4590245;;149,0369082
48;284,4169475;;233,9273391;;190,1841213;;153,1698404;;125,8014308;;208,8061302;;170,7629936;;132,9097438;;104,2353107;;221,4497686;;142,2849254;;126,9054766;;122,6417547;;225,4417885;;147,2005435;;140,0357097;;139,3879478;;224,1539649;;160,0312469;;151,211772;;152,3975065
48;269,5514793;;216,0416626;;172,5398505;;136,8247054;;111,0720487;;198,5396686;;157,2036895;;117,6307783;;87,09190548;;216,1573501;;132,2006051;;116,211015;;109,931797;;224,1539649;;142,4359505;;131,6434579;;127,5617498;;224,9288776;;159,2011306;;148,3947438;;146
49;267,591106;;213,7755833;;168,940818;;134,617978;;111,0180166;;198,0101008;;156,7322558;;117,0469991;;86,46964785;;216,9239498;;131,5028517;;116,498927;;111,8257573;;224,4036542;;142,5236822;;132,7742445;;128,844868;;224,6975745;;158,0031645;;148,6606875;;147,8276023
49;259,237343;;190,0657781;;142,0422472;;107,7125805;;87,92041856;;188,8597363;;140,2176879;;101,6366076;;78,31347266;;212,2074457;;123,9879026;;108,756609;;105,5888252;;220,6399782;;134,4693274;;127,0157471;;128,2224629;;220,5130382;;149,4590245;;142,2708684;;148,2733961
50;260,9233604;;190,5177157;;143,4224529;;109,0412766;;95,41488354;;187,4593289;;139,0863041;;101,8675611;;77,31752712;;210,791366;;124,5230902;;111,5168149;;106,5504575;;220,1454065;;135,7939616;;129,8345101;;128,8177006;;220,0454499;;151,3439791;;144,3606595;;149,0369082
50;241,5967715;;160,6393476;;114,5469336;;85,70297544;;79,71198153;;171,3300908;;131,3202193;;97,62171889;;85,16454661;;201,8539076;;126,2537128;;111,6646766;;106,8269629;;218,8195604;;143,0873859;;133,6450523;;133,1240023;;223,2890503;;159,2011306;;148,5294584;;149,6161756
51;244,0081966;;163,2482772;;115,4339638;;87,96590248;;81,27115109;;173,0722393;;132,4009063;;97,01546269;;85,14693183;;203,0591047;;128,3160161;;112,6143863;;108,4066419;;220,0454499;;144,4229899;;133,6899398;;133,6899398;;223,6179778;;159,6245595;;148,2733961;;149,8065419
51;231,1925604;;156,6684397;;108,1665383;;78,5684415;;71,16881339;;163,370744;;130,7402004;;95,63472173;;84,48076704;;194,6535384;;130,0961183;;112,1605991;;104,995238;;214,7091055;;150,4460036;;139,3161871;;135,1480669;;224,0580282;;171,6041958;;159,0220111;;157,4325252
52;234,7189809;;161,0589954;;112,0714058;;82,32860985;;75,96051606;;164,6238136;;130;;95,03683496;;81,49233093;;194,5893111;;132,0075755;;114,9782588;;107,8146558;;214,6741717;;151,6443207;;142,1724305;;138,6578523;;224,5016704;;170,8010539;;160,4306704;;159,4553229
52;222,8542124;;153,6294243;;106,780148;;77,3369252;;71,30918594;;156,3873396;;128,5145906;;96,33794683;;79,24645102;;188,1621641;;134,3167897;;120,6150903;;115,2562363;;211,2936345;;157,492857;;150,6286825;;147,8005413;;223,2890503;;177,045192;;166,8322511;;164,924225
53;225,0799858;;155,8621186;;109,2886087;;79,0253124;;74,73285757;;157,1782428;;128,8759093;;95,90099061;;77,92945528;;188,9576672;;137;;124,9639948;;119,4738465;;210,2974084;;158,7954659;;152,0690633;;148,4991582;;221,4158983;;177,4091317;;168,1219795;;166,1926593
53;224,5105788;;155,8621186;;107,8981001;;78,40918314;;76,4852927;;158,4960567;;124,4226667;;96,02603814;;85,90692638;;192,418814;;131,8938968;;122,6743657;;122,5765067;;214,2381852;;156,4640534;;151,4265499;;150,6286825;;226,291847;;176,6408786;;167,9196236;;166,8322511
54;228,6000875;;159,5399636;;110,6752005;;80,28075735;;76,29547824;;159,7310239;;124,6154084;;95,35197953;;84,34453154;;192,7822606;;131,6434579;;122,2865487;;121,5113163;;215,1115989;;157,7624797;;152,2268045;;150,6154043;;228,122774;;179,1368192;;169,9176271;;167,3618834
54;225,4417885;;158,6190405;;110,1135777;;82,00609733;;79,07591289;;160,6393476;;127,0157471;;95,35197953;;80,41144197;;193,2588937;;132,3820229;;123,227432;;120,6026534;;216,9101196;;159,1383046;;154,5639026;;152,2268045;;230,8246087;;182,5842271;;173,4156856;;172,2469158
55;228,035085;;161,644672;;113,2254388;;84,62860037;;80,0624756;;161,9135572;;127,7693234;;95,90099061;;81,04936767;;194,5507646;;132,9661611;;126,015872;;123,2233744;;217,8302091;;160,5147968;;157,6134512;;155,2191998;;231,3655117;;183,7416665;;176,1050823;;175,5676508
55;230,1064971;;162,5607579;;116,4001718;;88,48163651;;83,02409289;;166,3640586;;124,4829306;;91,78779875;;82,86132994;;199,01005;;130,1076477;;116,8246549;;111,8659913;;221,882852;;159,8311609;;152,502459;;147,8005413;;235,4400136;;184,2878184;;174,668257;;172,0726591
56;230,8267749;;162,8741846;;116,8246549;;89,88882022;;83,29465769;;166,8112706;;123,4827923;;90,09439494;;79,40403012;;197,6765034;;130,1076477;;113,406349;;107,8146558;;220,5923843;;159,8311609;;151,211772;;147,1869559;;234,1815535;;184,1140951;;173,9482682;;171,2658752
56;233,9850423;;165,9548131;;120,8801059;;97,41663102;;90,55385138;;172,1917536;;131,946959;;95,8018789;;76,94153625;;203,5313244;;135,0740538;;119,0168055;;112,1605991;;226,0199106;;161,2203461;;151,6443207;;147,7870089;;236,5354096;;186,9384926;;176,7766953;;172,7425831
57;234,3501654;;167,7200048;;123,5556555;;99,64436763;;92,77930804;;171,3038237;;132,3820229;;96,04686356;;74,81310046;;203,5313244;;135,0740538;;117,0042734;;108,2312339;;225,1443981;;161,9413474;;153,1535178;;148,4991582;;235,6692598;;186,868938;;178,1965207;;174,0919297
57;238,2477702;;170,8361788;;128,5496013;;103,247276;;96,74709298;;173,971262;;142,2146265;;105,3043209;;78,00640999;;205,7304061;;146,4137972;;129,6186715;;117,889779;;225,5393536;;171,1432149;;163,5175832;;154,4668249;;236,9071548;;192,4629835;;183,2075326;;177,4964788
58;238,6231338;;168,6001186;;126,5069168;;101,0198;;94,76286192;;173,0809059;;140,431478;;103,7304198;;76,00657866;;203,9534261;;144,9586148;;132,8796448;;122,6417547;;224,6619683;;169,7291961;;162,111073;;153,7172729;;236,9071548;;191,7837324;;182,4828759;;177,4964788
58;235,6968392;;169,0680336;;129,1897829;;106,5316854;;101,6070864;;176,7059705;;146,7105995;;109,7861558;;80,05623024;;206,2353025;;151,3472828;;139,0323703;;129,034879;;225,5393536;;173,9540169;;166,8322511;;160,776242;;234,5655559;;194,1648784;;187,3846312;;182,5212316
59;235,1701512;;169,593632;;129,6341005;;108,5587399;;102,420701;;175,8237754;;147,1767645;;110,1362792;;80,15609771;;204,8828934;;151,3803158;;137,4117899;;126,4911064;;225,0622136;;174,668257;;167,600716;;161,523992;;232,7230113;;193,5071058;;186,6761902;;181,7938393
59;237,9285607;;172,2353042;;131,1373326;;108,5587399;;103,406963;;178,058979;;143,1782106;;105,0047618;;80,00624976;;206,1892335;;147,1054044;;130,2075267;;121,0165278;;226,3537055;;171,1256848;;161,9691329;;157,2068701;;232,7230113;;190,0315763;;180,3136157;;176,7993213
60;239,2404648;;171,8284028;;131,1373326;;107,7032961;;102,2594739;;178,058979;;144,5337331;;106,6255129;;81,0061726;;206,6204249;;146,3864748;;132,6386067;;126,015872;;225,88714;;167,5977327;;159,298462;;155,3222457;;233,1222855;;188,7326151;;178,9105922;;175,3624817
60;241,0808993;;173,1848723;;133,3041635;;107,3778376;;99,82484661;;186,5904606;;129,1394595;;98,23441352;;92,13576938;;216,1226504;;125,8967831;;116,5160933;;128,7633488;;232,1766569;;148,4991582;;144,3121616;;155,0516043;;237,9516758;;176,3235662;;169,8528775;;175,931805
61;236,0889663;;169,9411663;;128,6001555;;99,40321926;;89,73850901;;188,1621641;;126,0515767;;94,9210198;;88,00568163;;217,8829961;;124,4588285;;116,1808934;;129,4179277;;234,3672332;;146,5093854;;140,0357097;;150,8641773;;240,6158765;;174,4018349;;167,7378908;;174,4018349
61;238,8053601;;173,1415606;;129,7998459;;98,59513173;;86,37708029;;189,1718795;;127,0118105;;98,65596789;;95,75489544;;217,0023041;;121,9180052;;112,4499889;;124,4708801;;230,9913418;;143,0559331;;135,5912977;;147,2990156;;234,5463707;;167,2752223;;160,5895389;;169,097605
62;236,4254639;;168,252786;;126,7517258;;97,30878686;;87,59566199;;188,7882412;;128,8603896;;94,72592042;;84,09518417;;219,1551962;;123,227432;;112,5388822;;124,4708801;;233,6172083;;144,402216;;135,7239846;;148,4486443;;238,461737;;169,6142683;;160,3121954;;168,58529
62;233,7541443;;169,9235122;;127,1416533;;94,11163584;;79,60527621;;190,4363411;;133,8095662;;99,12618221;;86,49277426;;218,5245982;;128,5029183;;112,6143863;;117,2006826;;232,1809639;;146,2497863;;134,5288073;;139,6065901;;236,0084744;;172,1540008;;163,6856744;;170,425937
63;234,9744667;;170,4699387;;128,015624;;93,60555539;;74,94664769;;193,217494;;136,1249426;;98,18350167;;80,39900497;;221,1628359;;130,1768028;;113,0044247;;117,6435294;;235,8495283;;150,2697574;;139,6065901;;143,3875866;;240,9336008;;179,0111728;;168,1903683;;171,8982257
63;245,6013029;;180,5685465;;133,5402561;;91,78779875;;64,03124237;;197,7321421;;143,2654878;;102,3132445;;81,32035416;;221,6393467;;128,082005;;110,0227249;;117,686023;;232,467202;;144,2497834;;136,4880947;;148,0607983;;235,7710754;;170,5109967;;163,2176461;;171,5633994
64;248,485412;;183,7743181;;140,2355162;;99,76472322;;69,0651866;;196,7561943;;133,6600165;;88,36288814;;66,75327707;;223,4300785;;138,8272308;;116,7304588;;118,9663818;;236,241402;;155,6470366;;141,3152504;;147,2582765;;240,5202694;;181,6617736;;169,5405556;;174,3244102
64;9,055385138;;8,602325267;;9,433981132;;8,062257748;;8,94427191;;9,219544457;;11,04536102;;21,02379604;;25,3179778;;10,81665383;;21,47091055;;15,26433752;;18,02775638;;15;;28,46049894;;15,26433752;;15,03329638;;18,78829423;;33,52610923;;23,76972865;;15,62049935
65;300,0416638;;223,3226366;;180,8977612;;148,946299;;122,2620137;;227,4906591;;182,2004391;;133,0037593;;98,85848471;;258,4143959;;193,4373284;;144,0555448;;119,4194289;;279,1218372;;215,5945268;;175,1028269;;158,0031645;;290,8332856;;241,6712643;;209,2892735;;193,1269013
66;301,0066444;;225,0355527;;181,0690476;;148,1654481;;120,503112;;231,7002374;;185,873613;;139,0323703;;107,2986486;;262,488095;;200,0099998;;151,9539404;;126,1150269;;285,3436525;;223;;185,2700731;;169,4992625;;299,2022727;;249,0321264;;218,0366942;;202,1583538
66;294,1377228;;216,2799112;;163,4411209;;122,8006515;;91,41115906;;226,9911893;;178,9972067;;146,1642911;;131,041978;;262,0858638;;190,2235527;;158,67577;;153,6391877;;287,0209052;;213,9742975;;187,2965563;;185,3887807;;302,6962174;;245,8373446;;219,317122;;213,7592103
67;287,1741632;;214,5250568;;160,7015868;;122,4948979;;97,12878049;;232,2154172;;177,3865835;;144,3606595;;129,8768648;;270,1481075;;200,1049725;;166,0903369;;156,5407295;;294,6353679;;224,9822215;;192,7511349;;184,2199772;;307,1025887;;252,7924049;;224,5707016;;214,3361845
67;280,3497815;;206,0728027;;153,5838533;;115,4123044;;90,93404203;;227,2003521;;163,3217683;;136,9269878;;127,3499117;;265,8759109;;186,5073725;;157,708592;;152,2366579;;291,1116624;;212,7345764;;185,4427135;;180,1138529;;302,4913222;;243,7314095;;219,4288039;;211,8537231
68;278,2588723;;207,1955598;;156,1569723;;117,1537451;;93,26306879;;216,6887168;;160,5895389;;136,2974688;;125;;254,4189458;;184,56977;;156,7322558;;147,2990156;;281,5759223;;209,2582137;;183,9836949;;179,0111728;;297,5667992;;238,729973;;217,9380646;;214,0327078
68;271,3116289;;200,5617112;;149,6562728;;112,6410227;;89,67719889;;212,8966886;;168,8697723;;129,6341005;;103,3682737;;249,9059823;;192,3980249;;149,4657151;;125,1718818;;275,7716447;;216,1897315;;178,2133553;;161,0093165;;291,8938163;;236,3154671;;210,7368027;;199,1105221
69;258,6986664;;186,0779407;;138,1774222;;109,8954048;;87,57282684;;195,9719368;;156,1089363;;118,6001686;;89,84430978;;238,2141893;;186,3437683;;145,6021978;;119,5491531;;267,1647432;;204,3771024;;164,5752108;;143,5444182;;283,975351;;225,2287726;;195,8009193;;179,8888546
69;248,5155931;;177,0225974;;133,2216199;;108,1896483;;88,84255737;;187,7471704;;148,8522758;;108,4665847;;76,84399781;;229,9956521;;181,2456896;;141,0886246;;114,8259553;;259,1061559;;200,262328;;160,4618335;;138,101412;;276,6224864;;221,4610575;;188,9047379;;170,1558109
70;230,6274051;;172,8178232;;133,6600165;;108,7795937;;85;;179,2010045;;143,5618334;;106,5692263;;80,60397013;;217,368351;;170,5197936;;132,7742445;;106,8503627;;243,8237068;;188,9047379;;149,2816131;;125,9364919;;260,6395979;;211,4426636;;178,0842497;;158,492902
70;224,5016704;;174,7340837;;138,8128236;;114,9826074;;93,94147114;;177,3865835;;134,8517705;;96,66436779;;72,12489168;;212,4264579;;160,3309078;;116,8118145;;85,47514259;;236,3239302;;177,8904157;;142,5798022;;126,4357544;;251,4318993;;201,63829;;171,8138528;;159,0503065
71;208,8659857;;164,9848478;;136,1947136;;115,9180745;;99,72462083;;172,5398505;;135,9154149;;100,0899595;;76,40026178;;202,3882408;;157,6483428;;116,056021;;89,1571646;;222,8048473;;170,9883037;;139,7175723;;126,6056871;;235,9343129;;191,3792047;;165,2452722;;154,5380212
71;212,9413065;;162,9294326;;131,4001522;;110,3539759;;94,57801013;;172,6759972;;134,8517705;;104,2017274;;90,55385138;;206,1940833;;166,3881005;;128,3160161;;104,2353107;;230,3258561;;184,0923681;;148,7615542;;130,0807442;;246,5218043;;207,6174366;;178,4432683;;162,9263637
72;277,7948884;;195,9234544;;135,532284;;89,67719889;;55,31726674;;177,766701;;129,6341005;;88,39117603;;61,22091146;;214,8324929;;161,4465856;;115,4469575;;86,34813258;;243,7314095;;190,0736699;;147,3125928;;125,2996409;;264,7054967;;216,2336699;;182,1647606;;163,4870025
73;280,4014979;;201,0198995;;143,9618005;;101,7693471;;68,79680225;;181,2456896;;145,1516448;;118,2074448;;95,01578816;;218,9292123;;175,934647;;141,3541651;;119,0378091;;251,795552;;211,2557692;;177,1016657;;156,952222;;279,2579453;;245,4587542;;220,102249;;203,4207462
73;276,7977601;;198,5799587;;147,8715659;;116,211015;;93,77632964;;174,9285568;;140,0357097;;119,8540779;;106,0424443;;215,5226206;;184,945938;;156,8948693;;137,5681649;;253,570503;;231,8124242;;208,146583;;191,3661412;;288,6260556;;269,2582404;;249,9299902;;234,9233918
74;335,2566181;;306,9364755;;295,1779125;;289,2818695;;279,3080736;;309,0064724;;291,8989551;;267,5556017;;248,485412;;315,5582355;;299,3409427;;260,5782032;;232,3617869;;321,6022388;;306,967425;;272,2645772;;249,0642487;;329,4616821;;309,45759;;282,9363886;;263,2736219
75;315,0142854;;325,3859247;;332,7461495;;330,2605032;;321,099673;;366,5651375;;373,4059453;;361,4249576;;345,1289614;;355,0281679;;356,2709643;;327,714815;;306,1110909;;336,0014881;;327,5515227;;301,2125495;;282,2002835;;319,4119597;;309,3638634;;294,0612181;;282,001773
75;37,10795063;;31,57530681;;33,60059523;;40;;41,67733197;;39,11521443;;38,89730068;;24,33105012;;8,246211251;;54,12023651;;54,91812087;;29,15475947;;12,20655562;;60,74537019;;56,30275304;;32,28002478;;13,92838828;;65,06919394;;59,36328832;;43,9089968;;30,52867504
75;336,7209527;;368,6353212;;395,8850843;;409,3555911;;414,9650588;;387,1601736;;410,0792606;;420,3153578;;423,4583805;;371,5548412;;391,2658942;;400,6906537;;404,042077;;354,6857764;;367,5350323;;377,1326027;;380,6638937;;339,9911764;;345,5676489;;354,290841;;360,2846097
77;379,1108017;;385,0636311;;404,0309394;;421,0961885;;435,073557;;463,3896848;;500,6755436;;501,3990427;;488,1475187;;476;;522,0038314;;523,046843;;510,1411569;;478,6021312;;522,1082263;;527,7546779;;523,2991496;;473,7531003;;509,1659847;;522,5562171;;530,5327511
77;15,03329638;;19,10497317;;26,30589288;;32,06243908;;35,6931366;;27,20294102;;46,75467891;;63,12685641;;83,24061509;;22,02271555;;33,12099032;;48,10405388;;69,11584478;;12,52996409;;19,72308292;;31,2409987;;47,01063709;;7,211102551;;3,16227766;;8,246211251;;14,14213562
78;19,10497317;;15,13274595;;9,055385138;;4,123105626;;13;;24,33105012;;17,02938637;;17;;20,61552813;;15,03329638;;8,94427191;;11,70469991;;16,64331698;;9,219544457;;13,45362405;;21,9544984;;26,83281573;;16,15549442;;25,61249695;;34,92849839;;42,05948169
79;368,9891597;;383,1305261;;413,0012107;;446,0907979;;474,5102739;;464,8117899;;520,5391436;;558,7351788;;590,7935342;;477,0335418;;536,5687281;;574,2586525;;609,124782;;479,8416405;;530,9651589;;561,3216547;;585,1034097;;476,2877282;;515,4696887;;539,0751339;;560
80;382,5232019;;387,1291774;;413,0108957;;443,0914127;;473,5113515;;470,7886999;;523,8511239;;562,0533782;;594,9394927;;484,2664556;;541,1986696;;575,6813355;;604,364956;;489,6386423;;540,236985;;567,0008818;;585,1444266;;487,1734804;;526,0009506;;548,2052535;;564,6459067
80;11,40175425;;9,433981132;;15,55634919;;16,1245155;;18,68154169;;3,605551275;;4,123105626;;7,615773106;;19,23538406;;5,830951895;;3,16227766;;14,03566885;;32,01562119;;13,45362405;;11,18033989;;23,40939982;;39,81205847;;19,10497317;;21,63330765;;29,52964612;;40,16217126
81;11,18033989;;26,07680962;;47,50789408;;65,80273551;;88,05112151;;118,5326959;;168,4428687;;187,9201958;;197,8812775;;129,247824;;182,3321146;;188,2657696;;178,3395638;;133,9290857;;181,4166475;;184,0923681;;173,1704363;;134,1640786;;173,0809059;;176,7059705;;166,580311
84;300,059994;;244,1823089;;200,2123872;;169,1064753;;150,2131818;;164,3045952;;118,0381294;;103,3924562;;94,04786016;;177,138364;;129,5530779;;113,2828319;;104,2353107;;199,1230775;;174,3932338;;173,5655496;;176,2980431;;228,9825321;;218,8195604;;224,07588;;231,8469323
85;271,001845;;192,2602403;;136,0147051;;101,4938422;;76,90253572;;118,5326959;;65,78753681;;33,60059523;;16,76305461;;151,4199458;;110,3086579;;78,54934755;;51,73973328;;191,4418972;;165,1302516;;146,4411144;;130,9236419;;235,1531416;;216,3423213;;204,4627105;;192,6032191
86;267,3667893;;187,3846312;;130,8625233;;95,35197953;;68,15423685;;102,9611577;;49,64876635;;12,80624847;;28,28427125;;133,3641631;;95,34149149;;68,11754546;;52;;174,1062894;;145,8800877;;126,1942946;;112,7208942;;218,323155;;194,1803286;;180,0499931;;167,5291019
86;264,4844041;;183,6981219;;125,7656551;;87,80091116;;59,50630219;;96,17692031;;45,70557953;;9,848857802;;21,02379604;;122,4826518;;80,00624976;;52,43090692;;39,39543121;;161,7899873;;135,1628647;;117,3243368;;105,848949;;203,5411506;;181,6039647;;168,6712779;;156,5183695
87;255,3311575;;176,0454487;;113,1105654;;70,17834424;;33;;85,14693183;;34,36568055;;4,123105626;;31,06444913;;109,3297764;;65,3911309;;40,31128874;;34,0147027;;146,8911161;;116,1077086;;95,34149149;;79,75587753;;188,0983785;;164,7118696;;151,6476179;;138,0507153
87;249,008032;;172,4093965;;108,0601684;;64,13267498;;22;;84,59314393;;33,13608305;;7,071067812;;32,75667871;;108,1665383;;70,66116331;;49,67896939;;42,57933771;;147,5025424;;123,9758041;;107,8239306;;93,81364506;;191,2119243;;172,255624;;160,5895389;;149,1643389
88;244,0081966;;166,4602055;;102,9611577;;58,24946352;;17,2626765;;81,74350127;;26,17250466;;12,04159458;;39,29376541;;109,0412766;;74,94664769;;63,51377803;;63,15061362;;150,9602597;;128,0351514;;115,0043477;;103,7737925;;195,8698548;;176,3774362;;164,9757558;;155,7080602
88;242,4046204;;167,6722994;;109,4897255;;70,21395873;;38,60051813;;83,21658489;;28;;10,29563014;;42,95346319;;113,1105654;;74,24957912;;56,85068161;;54,91812087;;154,8289379;;130,0346108;;116,2970335;;104,8093507;;199,4492417;;179,9694419;;170,0176461;;161,3009609
89;241,4062965;;167,3230409;;108,9082182;;72,61542536;;44,59820624;;81,09870529;;30;;9,219544457;;42,44997055;;111,2879149;;82,36504113;;68,24954212;;65;;154,4344521;;137,6154061;;123,8910812;;111,6467644;;200,2598312;;183,6572895;;173,2195139;;160,3309078
89;4;;1,414213562;;1;;6,08276253;;11,04536102;;2,236067977;;6,08276253;;8,062257748;;8,544003745;;1;;8,94427191;;11,18033989;;10,77032961;;2;;5,099019514;;6,708203932;;7,615773106;;5,099019514;;5,830951895;;7,211102551;;6,403124237
90;6,08276253;;6,708203932;;7,211102551;;7,615773106;;7,280109889;;5;;7,810249676;;13,89244399;;20,1246118;;4;;15;;23,02172887;;29,06888371;;4;;8,94427191;;11,18033989;;13,03840481;;3,16227766;;7,071067812;;8,062257748;;9,486832981
91;220,0022727;;141,876707;;77,87810989;;31,144823;;8,062257748;;64;;12,04159458;;24,08318916;;52,63078947;;102,2399139;;62,62587325;;38,07886553;;21,9317122;;148,5698489;;121,7579566;;95,85927185;;75,3923073;;194,5790328;;171,6071094;;154,1492783;;138,2787041
92;218,0022936;;139,4453298;;76,65507159;;31,40063694;;7,615773106;;58;;10;;21,37755833;;44,94441011;;97,25224933;;67,60177512;;50,24937811;;40,81666326;;145,6742942;;123,032516;;97,86214794;;78,79086241;;193,747258;;173,0028901;;155,3319027;;138,2787041
92;226,2675408;;145,1206395;;83,36066219;;43,73785546;;14,86606875;;63,07138812;;13,89244399;;18,02775638;;42,05948169;;103,5857133;;73,92563831;;53,03772242;;42,95346319;;151,198545;;128,7050893;;99,02019996;;76,69419796;;198,0126259;;179,6440926;;159,0503065;;139,2623424
93;227,2663635;;147,7633243;;85,98837131;;45,89117562;;18,02775638;;63,19810124;;16,2788206;;15,13274595;;37,12142239;;103,9471019;;78,49203781;;61,84658438;;53,71219601;;152,4532715;;130,6330739;;101,3903348;;78,79086241;;199,3313824;;179,8471573;;158,2687588;;138,4629914
93;230,6274051;;149;;87,02298547;;49,09175083;;20,09975124;;64,77653896;;13,60147051;;17,4642492;;38,07886553;;102,2594739;;65,8634952;;46,69047012;;40,71854614;;148,3543056;;123,0162591;;96,20810777;;78,29431652;;192,2628409;;171,2103969;;151,4265499;;134,1640786
94;227,9692962;;144,0555448;;81,22191822;;42,42640687;;14;;66,09841148;;10;;29;;56,63920903;;104,2353107;;60,16643583;;33,61547263;;20,51828453;;149,4824404;;121,8400591;;94,5568612;;75,3923073;;192,3798326;;173,3666635;;153,5740864;;136,4990842
94;229,1571513;;147,2752525;;86,37129153;;47,38143096;;21,21320344;;72,18032973;;16;;24,8394847;;54,4885309;;106,3672882;;60,16643583;;34,17601498;;19,72308292;;148,946299;;118,6001686;;97,12363255;;83,38465087;;190,0736699;;170,2292572;;152,7776162;;139,4883508
95;228,162223;;144,3468046;;82,73451517;;43,41658669;;20,24845673;;69,63476143;;12,04159458;;24,8394847;;54,03702434;;105,7213318;;61,68468205;;37,12142239;;24,8394847;;149,2816131;;120,3328717;;99,62429423;;86,53900855;;192,3538406;;171,8138528;;154,3534904;;140,1855913
95;228,6000875;;146,6696969;;85,15867542;;47,75981575;;24,20743687;;73,75635566;;15,5241747;;23,08679276;;58,69412236;;108,6738239;;69,77105417;;44,68780594;;34,23448554;;151,0827588;;123,6648697;;99,3680029;;80,95677859;;194,0309254;;173,2195139;;154,5639026;;136,1249426
96;227,7279078;;145,1206395;;84,92938243;;48,75448697;;27,58622845;;75,18643495;;16,2788206;;24,16609195;;62,16912417;;110,2179659;;68,15423685;;37,20215048;;19,23538406;;152,5909565;;125,574679;;100,6578363;;81,84130986;;195,3176899;;175,3909918;;156,952222;;137,0328428
96;225,0088887;;144,3606595;;83,52245207;;47,4341649;;31,78049716;;75,70997292;;19;;23,34523506;;58,6003413;;109,3297764;;63,0634601;;31,04834939;;5,830951895;;150,7647174;;121,1651765;;95,46203434;;78,23042886;;190,9188309;;172,0261608;;155,2320843;;137,3608387
97;229,9652148;;151,9901313;;92,65527508;;56,30275304;;37,21558813;;80,41144197;;25,63201124;;9,055385138;;37,48332963;;113;;65,96969001;;34,0147027;;13,89244399;;155,1676513;;123,227432;;97,69339793;;81,83520025;;196,471372;;174,1551033;;156,5183695;;138,2461573
97;226,7355288;;154,3534904;;95,51963149;;59,68249325;;39,40812099;;78,44743463;;25,63201124;;11,70469991;;41,0487515;;108,5587399;;63,34824386;;33,12099032;;18,97366596;;147,5737104;;116,7090399;;102,5524256;;96,83491106;;187,8643127;;166,2077014;;152,6106156;;140,4279175
98;229,8368987;;157,0891467;;96,76776323;;58,5918083;;36,12478374;;81,58431222;;31,32091953;;7,211102551;;36,22154055;;111,7586686;;68,15423685;;39,11521443;;26,40075756;;150,8509198;;120,3037822;;106,6208235;;99,86490875;;191,1570035;;170,4846034;;156,5183695;;144,6409347
98;3,16227766;;5;;7,071067812;;10,63014581;;11,66190379;;5,385164807;;9,219544457;;11,40175425;;13,60147051;;4,472135955;;5;;4,123105626;;2,236067977;;3,605551275;;5,656854249;;5,830951895;;6,32455532;;3,605551275;;4,242640687;;4,472135955;;5,099019514
99;3;;5;;4,123105626;;1;;3;;5;;5;;11,40175425;;18,02775638;;6,708203932;;4,123105626;;4,123105626;;6,08276253;;6,708203932;;5,099019514;;4,123105626;;5,385164807;;5,385164807;;6,32455532;;6,08276253;;7,071067812
100;239,6038397;;164,7604321;;98,08669635;;58,82176468;;33,42154993;;71,84705979;;36,79673899;;31,144823;;43,01162634;;109,6357606;;71,30918594;;45,35416188;;37,33630941;;150,4426801;;118,3427226;;117,0469991;;132,0757358;;192,8989373;;168,0476123;;165,0605949;;167,2871782
101;240,8318916;;163,4778272;;96,60745313;;56,72741841;;32,20248438;;75,95393341;;35,84689666;;9,219544457;;9,219544457;;116,6619047;;78,44743463;;55,03635162;;50,92150823;;159,2482339;;129,1897829;;126,5306287;;138,2316896;;202,5487596;;178,002809;;172,626765;;172,0290673
101;236,326046;;167,3708457;;99,53893711;;57,42821606;;33,9411255;;89,56003573;;58,13776741;;29,69848481;;13;;130,6483831;;93,23089617;;65;;67,95586803;;172,7917822;;141,4284271;;132,8533026;;146,7310465;;215,3415891;;188,0425484;;180,0361075;;178,6756839
102;237,6552124;;171,7236151;;105,848949;;65,73431372;;41,86884283;;96,54014709;;58,13776741;;30,2654919;;34,05877273;;138,2461573;;98,762341;;76,65507159;;86,53323061;;181,4965564;;150,0533239;;143,5896932;;157,8416928;;223,5732542;;196,0102038;;187,7471704;;187,5233319
102;240,1041441;;177,6851147;;116,7090399;;76,92203845;;54,12023651;;98,762341;;60,41522987;;38,11823711;;40,80441153;;140,5204611;;100,6876358;;85;;96,04165763;;184,3529224;;157,0509471;;153,4438008;;163,1103921;;226,9735667;;206,0388313;;201,0198995;;200,8606482
103;243,977458;;183,6001089;;123,3085561;;81,49233093;;58,30951895;;107,4895344;;70,60453243;;53,08483776;;55,75840744;;150,1366045;;114,1402646;;100,019998;;110,4536102;;194,4865034;;169,0473307;;164,0121947;;172,2353042;;236,6114959;;218,0825532;;213,1783291;;212,8403157
103;252,7924049;;194,1803286;;128,3900308;;85,23496935;;61,98386887;;121,0371844;;83,48652586;;66,21933252;;56,35601121;;161,245155;;123,1015841;;103,576059;;100,3194896;;204,413796;;177,0028248;;171,7236151;;176,7766953;;245,6603346;;222,0022522;;214,704448;;211,7404071
104;260,2037663;;199,2786993;;135,3587825;;99,53893711;;83,81527307;;131,0343466;;95,8853482;;82,00609733;;75,15317691;;171,3534359;;139,2300255;;124,9079661;;122,5765067;;213,3377604;;193,5071058;;195,601636;;202,6844839;;254,0708563;;241,2509067;;240,3518255;;240,2436263
104;262,1011255;;191,2694435;;137,1167386;;105,5367235;;90,25519376;;155,9294712;;123,227432;;105,9481005;;95,75489544;;201,5589244;;171,2103969;;148,1924425;;131,552271;;245,7356303;;222,6117697;;204,1592516;;189,7076699;;283,9330907;;272,7673001;;260,4995202;;248,2982078
105;278,5139135;;210,1523257;;154,7804897;;120,6026534;;103,3247308;;170,038231;;137,0583817;;118,5959527;;108,78419;;213,9742975;;186,034943;;166,0873264;;152,5057376;;257,637342;;236,9345901;;219,317122;;205,7668584;;295,3303235;;285,0350856;;274,6415846;;263,5943854
105;296,5215001;;221,4158983;;162,3637891;;129,4024729;;114,5862121;;161,7899873;;120,2206305;;103,9422917;;92,96235797;;204,5189478;;172,4673882;;153,5740864;;142,0457673;;251,0478042;;232,6413549;;216,1203368;;204,3624232;;293,8741227;;284,9649101;;273,9361239;;261,9198351
106;304,2581141;;227,7059507;;171,6071094;;144,554488;;135,7239846;;173,4156856;;135,0592463;;117,0042734;;103,1212878;;216,6148656;;182,0027472;;163,4900609;;151,5684664;;262,2079328;;242,0123964;;226,0619384;;214,4411341;;303,1517772;;292,7968579;;281,300551;;268,8810146
106;303,5868904;;235,9364321;;185,4319282;;158,8584275;;146,0308187;;174,2699056;;134,8072698;;119,8540779;;110,8196733;;211,0023697;;179,5243716;;170,8361788;;164,9393828;;251,7339866;;234,7871376;;226,126071;;218,8880993;;290,056891;;285,0701668;;276,5574081;;268,0914023
107;34,23448554;;38,47076812;;48,50773134;;60,87692502;;70,34912935;;42,94182111;;50,99019514;;53,81449619;;53,07541804;;51,73973328;;61,03277808;;63,78087488;;63,65532185;;59,41380311;;68,01470429;;72,13875519;;76,83749085;;63,2534584;;74,65252842;;80,43009387;;81,60882305
108;302,5028925;;226,5590431;;171,8138528;;141,4001414;;133,5215338;;220,2385071;;211,2439348;;206,4969733;;202,1113554;;274,6069919;;276,1322147;;265,0056603;;255,6657975;;319,4401352;;324,5242672;;311,7081969;;300,6742423;;351,4612354;;360,893336;;352,2059057;;341,4630287
108;310,8858311;;241,5491668;;194,4865034;;176,2554964;;167,4514855;;214,9325476;;192,6655133;;188,2657696;;187,0427759;;259,1100152;;248,4773632;;242,7385425;;239,8353602;;301,5294347;;298,8795744;;289,9137803;;283,5912552;;338,4981536;;342,7725193;;337,0356064;;331,6700167
109;323,6077873;;255,3624875;;214,0023364;;196,7256974;;190,1289036;;207,2993005;;185,0648535;;179,9694419;;178,5077029;;245,5402207;;245,5687277;;247,9516082;;250,3437637;;288,5428911;;294,8033243;;296,9511744;;297,7549328;;327,482824;;336,3628993;;341,9766074;;343,3715189
109;329,5087252;;253,6000789;;214,1821655;;195,601636;;190,9371624;;234,8297255;;223,6179778;;217,8921752;;211,047388;;282,4606167;;287,0418088;;284,9175319;;285,2525197;;328,3808764;;340,124977;;339,607126;;340,4247347;;366,6496966;;382,4251561;;387,6751217;;386,8087383
111;6,403124237;;13,03840481;;15,29705854;;9,055385138;;5,099019514;;32,984845;;32,80243893;;26,30589288;;22,56102835;;30,01666204;;14,14213562;;15,62049935;;21,37755833;;27,89265136;;8,246211251;;13,34166406;;26,57066051;;25,49509757;;15,62049935;;13,34166406;;22,6715681
112;1281,521362;;1323,781326;;1351,173194;;1374,626131;;1390,312195;;1363,084737;;1372,093291;;1365,937773;;1359,884186;;1351,290124;;1359,406488;;1351,438493;;1345,148691;;1337,279701;;1346,018202;;1338,800956;;1331,820558;;1323,006047;;1332,50591;;1329,278;;1323,816453
