10;101;109;110;109;109;101;117;137;149;83;99;119;120;64;66;73;68;53;26;22;14;1
11;44;36;28;33;37;32;22;17;31;34;22;20;48;34;24;22;46;31;21;16;33;1
12;29;32;28;30;36;22;15;15;21;22;17;17;18;22;22;23;26;23;26;27;27;1
13;16;18;13;10;13;30;28;29;25;28;27;23;20;25;23;22;20;22;17;16;13;1
14;10;9;10;10;9;15;13;7;3;16;14;10;7;15;15;11;6;11;9;7;6;1
15;28;31;27;23;20;23;12;12;14;26;17;15;17;28;21;21;26;30;21;18;21;1
16;8;3;4;7;21;44;42;37;35;46;39;35;34;41;33;31;32;31;29;30;32;1
17;26;10;15;45;74;68;139;171;190;99;154;189;217;124;169;196;219;143;174;193;214;1
19;24;19;19;22;27;41;66;86;106;45;105;151;191;50;107;142;169;54;94;118;139;1
20;11;7;12;15;19;44;56;61;67;37;54;58;67;30;38;38;40;23;26;29;32;1
20;22;17;10;8;5;24;24;23;23;27;26;27;32;31;31;29;30;35;36;40;40;1
21;34;28;19;12;4;68;90;109;129;68;94;118;142;66;88;107;127;63;79;92;107;1
22;36;20;2;5;11;66;147;199;232;63;157;205;235;57;134;179;208;52;99;124;140;1
22;46;30;14;11;11;66;143;192;226;68;159;203;236;68;141;183;213;70;118;140;154;1
23;19;21;22;20;21;21;22;24;25;21;21;23;24;20;18;20;21;21;25;27;29;1
24;17;17;18;18;16;22;20;20;21;25;24;22;22;27;27;25;23;29;25;24;21;1
25;19;19;18;17;16;20;21;22;22;22;22;23;24;23;22;21;21;23;24;25;25;1
26;15;14;13;11;10;13;14;16;16;14;16;16;16;14;18;19;20;14;17;17;17;1
27;11;7;7;6;7;9;10;9;10;10;11;11;11;10;11;11;11;11;12;11;11;1
28;3;2;0;1;3;3;5;5;6;5;5;6;6;6;6;6;6;7;5;7;6;1
29;2;3;3;2;1;1;1;1;1;1;2;1;2;1;2;1;3;1;1;2;3;1
30;1;1;2;3;2;1;2;2;1;2;1;3;1;1;2;1;1;1;1;2;2;1
31;1;1;3;4;6;3;4;4;5;3;4;4;5;3;3;4;4;2;3;3;4;1
32;0;1;1;2;3;2;1;1;2;1;1;1;2;1;2;1;3;1;1;1;1;1
33;2;1;1;1;1;2;1;1;1;1;1;1;1;1;1;0;1;1;1;1;2;1
34;3;1;1;1;1;1;1;1;1;0;1;1;1;1;1;1;2;0;0;1;1;1
35;2;1;1;1;0;1;2;3;3;2;1;1;1;2;1;0;1;3;3;2;2;1
36;1;1;1;1;0;0;0;1;1;1;0;1;1;0;1;1;0;0;1;1;1;1
37;1;1;1;0;0;1;1;1;1;1;1;0;0;1;0;0;0;1;0;0;0;1
30;21;61;67;63;59;46;35;35;38;16;4;22;42;14;24;31;52;42;55;59;67;1
31;10;47;59;52;46;47;47;50;49;15;18;28;35;20;19;27;40;52;56;58;63;1
32;10;57;58;44;38;21;9;24;38;16;35;37;42;48;65;64;62;75;91;95;101;1
33;11;11;13;14;15;12;14;15;26;13;11;12;23;14;9;6;13;14;17;17;17;1
34;11;10;9;8;4;9;3;0;4;9;4;1;3;9;6;5;4;10;10;10;7;1
35;5;5;3;1;4;7;4;1;2;8;5;2;1;9;6;4;3;9;6;7;7;1
36;4;8;11;14;16;8;6;6;9;9;6;5;6;10;7;4;4;8;7;6;7;1
37;8;2;2;6;11;8;8;7;6;8;6;8;10;8;8;8;8;9;13;16;18;1
38;14;6;11;11;13;11;10;9;13;16;12;14;22;21;17;24;35;24;29;44;57;1
39;14;24;25;18;15;16;17;19;24;25;29;32;37;40;50;50;51;55;57;52;51;1
40;17;40;51;52;52;34;30;39;52;22;24;42;57;16;19;45;65;16;22;40;55;1
41;5;4;7;9;9;31;40;50;64;37;24;16;12;37;23;17;16;38;30;22;18;1
42;14;9;10;11;13;12;25;34;42;17;52;72;89;21;50;61;71;24;38;39;46;1
43;5;10;13;14;16;11;23;28;30;13;27;33;40;15;33;34;34;21;37;40;42;1
44;9;23;24;26;22;14;15;19;23;12;13;20;26;21;29;45;59;34;42;54;66;1
45;9;5;6;6;11;22;25;27;30;22;26;29;35;20;26;28;32;19;24;26;29;1
46;10;11;12;12;11;17;17;19;22;15;17;17;19;15;19;21;23;15;21;23;27;1
47;4;4;8;10;9;9;6;3;4;9;7;9;9;9;9;10;12;9;10;11;12;1
48;11;10;7;7;6;7;4;4;4;8;11;11;11;14;15;18;18;20;23;24;24;1
49;12;8;7;7;5;10;7;7;6;14;14;14;12;19;22;21;21;25;30;34;38;1
50;9;8;9;8;9;9;7;6;5;11;9;8;7;13;12;13;13;16;17;17;16;1
51;8;10;6;4;5;6;5;5;5;6;6;6;6;8;8;8;9;10;9;10;12;1
52;11;11;10;10;8;9;7;7;9;9;8;8;8;9;7;7;8;10;10;11;11;1
53;9;9;9;9;9;6;7;8;9;5;4;5;6;5;4;3;4;6;7;5;4;1
54;10;9;7;6;4;8;7;8;7;8;7;7;8;7;6;7;6;6;6;5;6;1
55;11;10;12;13;13;9;8;9;9;7;8;8;9;8;6;6;9;7;3;4;9;1
56;12;13;12;13;15;12;13;13;13;12;10;12;10;12;12;12;10;11;12;13;13;1
57;16;14;16;15;15;15;16;17;18;17;20;20;21;18;21;21;22;21;23;24;24;1
58;21;22;23;24;23;22;23;25;30;22;24;28;32;21;24;27;29;21;23;25;26;1
59;16;26;32;35;42;29;32;37;46;27;27;36;52;27;29;40;56;25;38;51;65;1
60;161;166;191;213;231;236;257;291;314;235;258;289;307;225;241;266;280;207;211;222;232;1
12;74;142;170;173;168;97;93;106;123;44;29;55;86;23;18;45;79;49;56;59;74;1
14;25;23;15;10;8;16;4;2;4;18;6;2;4;19;7;4;6;20;11;7;3;1
15;34;21;8;6;13;22;17;13;13;27;21;17;15;31;23;17;13;34;28;20;15;1
16;9;37;54;61;72;7;6;9;13;28;31;34;38;54;65;71;79;75;91;99;106;1
17;95;127;170;205;234;189;250;285;309;185;257;282;296;177;235;246;247;164;199;204;204;1
21;6;7;9;11;16;19;32;32;34;21;28;32;34;25;37;42;41;31;49;61;70;1
22;23;25;20;15;15;17;16;17;24;19;19;18;22;22;20;23;30;25;23;24;29;1
23;39;35;43;50;56;63;76;98;127;63;79;102;131;63;77;97;121;62;81;103;123;1
24;14;11;21;28;30;55;73;90;112;53;78;95;119;49;70;86;106;44;67;82;97;1
24;22;24;34;45;46;55;71;87;111;55;51;42;41;56;55;50;50;58;80;102;122;1
25;5;6;17;31;34;46;68;81;97;48;40;15;21;52;50;22;18;59;84;97;111;1
25;14;16;25;40;41;59;75;89;107;67;90;111;132;72;97;116;136;76;100;112;129;1
26;8;7;7;5;8;7;5;5;4;8;5;5;4;8;5;5;4;7;5;4;1;1
27;4;5;4;4;5;4;7;7;6;4;7;9;8;4;6;9;11;5;5;6;6;1
28;6;11;11;10;10;9;9;11;12;9;10;10;11;8;9;10;11;7;8;10;10;1
29;8;8;9;9;9;11;13;15;16;10;11;13;13;8;11;11;11;8;9;10;10;1
30;5;5;8;11;11;8;10;10;12;7;10;11;13;7;8;9;8;6;8;9;10;1
31;4;3;3;3;2;5;9;11;14;6;6;7;8;5;5;5;6;5;4;2;2;1
32;2;3;3;3;1;3;4;4;4;2;2;3;3;2;1;1;1;1;3;3;3;1
33;3;4;5;6;6;4;5;6;6;3;4;2;1;3;4;2;1;2;1;0;0;1
34;3;9;13;17;21;10;14;16;18;9;7;6;6;8;6;6;6;8;11;15;21;1
35;8;13;19;20;21;22;28;33;39;21;34;46;56;18;30;44;62;14;24;29;33;1
36;6;8;10;12;17;11;23;29;35;10;18;20;23;10;20;37;56;9;17;24;29;1
37;9;5;5;6;7;2;6;9;10;2;3;3;4;4;3;6;8;7;6;9;13;1
38;5;4;6;11;16;11;19;23;28;9;18;25;29;7;15;20;26;5;12;17;21;1
39;2;6;6;7;7;9;11;13;15;9;12;14;16;9;14;17;19;7;12;16;19;1
40;8;7;4;3;3;2;3;4;3;2;1;2;4;3;1;3;4;4;2;2;2;1
41;7;8;9;9;10;9;14;18;23;6;14;18;22;6;12;19;24;1;6;10;13;1
42;4;6;7;8;8;6;8;10;13;5;7;11;12;4;8;9;11;4;6;9;11;1
43;4;2;1;1;1;2;2;4;6;3;5;5;6;4;4;5;6;5;4;5;6;1
44;8;8;6;10;16;12;15;16;17;11;15;16;17;11;14;15;16;9;11;11;12;1
10;20;14;10;14;29;9;4;4;12;15;6;4;14;18;9;8;22;18;11;6;17;1
11;10;10;10;12;16;11;5;13;21;15;1;8;13;15;4;10;13;12;2;2;3;1
12;8;4;3;5;11;7;6;4;5;7;5;7;7;6;4;8;16;5;1;8;20;1
13;5;2;1;5;8;6;6;7;11;8;7;4;5;8;6;6;9;4;4;4;7;1
14;5;6;6;6;6;3;3;4;4;2;4;3;3;2;2;2;3;3;2;3;2;1
15;2;2;4;5;8;1;1;1;2;3;2;3;4;4;3;4;5;4;4;4;5;1
16;3;3;3;4;6;6;7;8;8;6;7;9;9;6;3;5;11;6;5;6;9;1
17;3;4;4;4;5;7;9;8;6;8;12;13;13;9;15;15;14;9;13;13;13;1
18;7;4;5;4;5;9;9;13;15;9;5;6;10;9;5;3;12;10;10;9;7;1
19;59;36;21;30;52;28;50;65;78;59;86;98;108;89;121;132;141;114;136;142;146;1
22;21;7;24;40;59;44;54;67;77;47;63;80;96;49;76;97;115;50;70;83;95;1
24;11;14;6;4;4;8;9;9;10;13;16;22;26;18;13;11;10;25;29;28;30;1
25;22;17;12;10;8;10;5;1;1;12;7;5;2;16;14;12;10;21;26;34;44;1
26;17;16;14;12;13;12;10;9;8;13;10;7;6;13;10;9;9;15;14;14;13;1
27;11;11;10;11;12;9;9;12;13;10;9;10;11;10;9;11;11;11;11;11;11;1
28;8;8;8;7;7;9;9;8;8;7;7;8;8;7;6;4;5;6;6;6;5;1
29;8;8;8;8;6;4;4;4;4;5;5;4;4;5;4;5;5;6;6;5;6;1
30;5;6;5;4;3;5;5;4;3;6;5;4;1;5;6;5;4;5;4;4;3;1
31;4;4;5;5;6;3;3;4;4;3;3;4;4;3;3;3;3;3;3;4;3;1
32;4;5;3;3;4;2;1;1;2;1;0;1;1;2;1;2;2;2;2;1;1;1
33;1;1;2;2;2;0;0;1;1;0;0;1;1;0;1;1;0;1;0;0;2;1
34;0;0;1;1;2;1;1;1;0;0;0;0;0;0;0;0;0;1;0;0;1;1
35;1;1;1;0;0;1;2;2;3;1;1;1;1;1;1;0;1;1;0;0;1;1
36;1;1;1;0;1;1;1;1;1;1;2;2;2;2;3;3;4;2;3;4;4;1
37;2;2;1;2;2;3;2;3;2;3;2;2;2;3;4;2;3;3;4;4;4;1
38;3;2;1;1;2;2;2;3;3;3;4;4;6;3;3;5;6;4;5;5;6;1
39;2;1;2;1;1;3;2;1;2;2;2;2;2;3;2;2;1;3;2;3;3;1
40;2;2;2;2;1;2;2;2;3;3;2;2;1;2;3;2;2;2;3;2;3;1
41;2;2;2;2;2;2;3;2;1;2;2;2;3;2;2;2;3;2;1;1;0;1
42;3;3;2;2;1;3;2;2;3;3;2;2;1;3;3;2;3;2;1;2;2;1
43;4;4;4;3;4;3;2;3;2;3;3;3;3;3;2;2;1;2;3;1;1;1
29;6;14;23;21;16;48;38;32;31;29;20;20;18;11;19;21;17;4;17;19;15;1
30;9;21;32;43;54;26;30;21;15;20;22;17;39;16;22;18;19;15;20;19;18;1
31;56;64;72;75;70;67;76;84;90;64;80;89;96;61;70;64;62;61;64;54;48;1
32;93;112;135;155;178;133;168;186;198;132;170;192;207;128;166;191;206;121;153;173;188;1
34;44;48;54;56;53;65;75;81;85;65;77;83;87;65;77;79;81;65;74;76;76;1
35;89;88;92;101;113;98;107;113;118;106;122;131;138;110;121;127;131;111;117;120;124;1
37;13;9;5;6;9;24;30;38;42;33;37;43;46;41;48;54;57;46;52;55;56;1
38;17;15;17;23;28;16;18;19;21;20;22;20;20;24;27;30;30;30;35;39;41;1
39;15;22;26;27;30;20;14;14;13;18;12;18;21;16;21;28;31;21;37;44;48;1
40;15;14;13;12;14;17;16;14;14;17;15;12;12;14;11;9;11;11;13;14;16;1
41;13;13;13;14;12;18;13;17;21;15;21;27;31;19;29;36;41;28;38;43;44;1
42;14;10;8;3;2;14;18;18;18;15;20;21;23;17;22;23;25;18;23;25;27;1
43;5;4;2;8;17;8;18;16;13;11;25;25;22;15;28;30;28;21;30;34;36;1
44;8;2;4;10;11;18;21;24;26;23;26;30;31;26;28;29;29;28;32;34;32;1
45;10;9;14;18;20;22;19;15;12;24;25;20;16;24;26;24;20;22;25;27;28;1
46;6;8;10;12;15;6;8;10;13;6;6;6;7;6;6;5;5;7;9;8;8;1
47;2;1;1;7;11;10;7;9;12;10;8;11;15;9;9;10;11;7;11;12;13;1
48;7;7;9;11;11;14;20;24;27;17;25;29;34;18;25;29;33;16;19;22;26;1
49;6;5;8;15;21;14;23;31;36;21;29;36;40;24;30;34;37;24;32;36;39;1
50;8;5;5;9;14;14;25;27;28;19;34;40;45;25;37;43;48;31;37;40;43;1
51;16;14;17;17;16;18;17;21;26;21;20;21;22;23;22;22;23;22;25;26;28;1
52;4;1;7;11;14;2;7;10;15;4;16;23;28;11;29;37;39;23;35;42;46;1
53;6;4;4;5;7;8;10;14;18;10;11;16;22;12;15;20;26;20;23;25;27;1
54;7;8;6;7;9;9;6;4;4;17;16;16;17;23;25;26;26;28;37;41;45;1
55;18;16;14;11;11;13;11;12;13;16;16;18;21;18;18;20;23;20;22;26;31;1
56;13;11;11;13;14;14;13;13;13;16;15;17;18;17;20;22;22;18;21;22;24;1
57;12;11;12;13;12;12;13;14;16;13;15;15;16;13;15;15;16;14;16;17;18;1
58;11;10;8;8;8;8;9;9;8;8;10;10;10;9;9;9;9;9;9;10;10;1
59;537;514;536;576;606;598;672;713;744;627;707;752;784;647;718;756;780;659;713;742;764;1
60;535;513;535;576;608;598;672;713;742;627;706;752;785;647;717;755;781;659;713;741;764;1
60;537;514;535;574;605;598;669;710;740;626;705;750;783;646;716;754;780;658;711;739;762;1
0;407;378;346;324;314;388;356;343;339;404;385;386;395;411;397;405;413;412;409;422;436;1
0;414;387;353;328;312;391;359;347;345;406;386;390;398;415;401;415;430;416;414;428;440;1
1;411;349;308;289;281;366;341;322;312;404;386;377;373;431;422;419;419;448;448;446;444;1
1;409;346;307;288;279;365;339;318;308;403;386;375;371;431;422;418;418;448;450;447;444;1
2;413;352;314;293;283;370;343;324;312;406;390;379;372;433;425;420;416;448;450;446;440;1
2;420;360;318;297;284;377;347;325;312;413;392;380;371;438;426;417;411;453;448;442;435;1
3;421;375;335;311;294;390;361;339;323;416;400;388;378;432;424;416;407;439;436;434;427;1
3;426;379;341;315;297;395;362;337;319;419;399;383;373;435;421;412;405;442;435;430;423;1
4;428;373;334;309;293;389;355;331;315;419;396;381;369;441;424;414;407;454;446;438;430;1
4;434;378;338;310;291;395;354;328;309;421;399;381;367;441;428;419;412;452;445;437;431;1
5;428;404;382;355;334;425;388;359;339;427;407;389;376;424;413;407;404;418;410;404;402;1
5;432;412;390;361;337;430;391;360;334;428;400;373;351;422;410;401;395;415;406;401;400;1
6;442;415;383;352;330;421;379;348;320;427;398;371;348;429;417;409;402;428;420;416;413;1
6;447;427;395;361;338;420;375;345;320;427;392;361;335;431;409;395;381;431;419;415;410;1
7;446;432;406;375;348;431;392;363;338;434;403;372;344;431;409;393;379;428;414;405;396;1
7;441;448;435;411;387;454;424;400;378;437;400;368;340;414;375;342;319;395;358;329;307;1
8;440;450;438;414;391;456;427;404;382;436;398;366;337;410;370;338;316;387;351;327;309;1
8;4;1;1;2;1;2;1;1;1;2;1;1;2;1;1;1;3;2;2;3;5;1
9;447;460;446;415;386;437;392;359;335;411;350;311;284;386;325;289;266;366;316;288;270;1
10;444;400;367;346;332;370;338;313;292;387;339;302;275;406;349;314;291;422;377;346;325;1
10;10;54;74;70;56;59;70;53;36;23;53;25;15;21;53;25;29;51;68;54;47;1
10;6;60;80;78;66;61;71;54;45;21;49;17;29;20;47;19;41;54;67;52;54;1
11;5;62;87;85;69;73;84;67;57;28;52;23;33;21;49;24;39;60;79;67;68;1
11;1;58;83;81;71;77;89;74;59;32;56;31;25;18;48;28;30;59;78;69;65;1
12;1;60;83;81;75;78;91;77;61;32;55;31;25;17;45;24;33;60;73;62;62;1
12;7;63;89;89;84;76;86;69;60;29;52;23;32;20;45;23;40;61;72;60;63;1
13;6;65;89;89;83;74;84;67;58;27;50;19;31;22;46;25;41;62;71;59;60;1
13;4;62;85;86;80;75;86;73;60;29;51;25;28;21;46;25;38;62;72;60;59;1
14;4;59;81;82;75;71;83;70;57;28;53;27;28;19;46;21;32;58;69;56;55;1
14;5;61;83;83;76;71;85;71;60;28;54;26;31;19;48;21;34;58;69;56;57;1
15;7;59;84;83;74;75;89;74;63;30;55;26;31;18;47;22;34;57;71;60;60;1
8;6;22;34;33;24;6;9;11;16;14;17;5;4;27;27;19;16;37;39;34;33;2
9;12;18;38;50;57;12;20;38;51;17;22;41;53;30;28;32;37;44;42;37;34;2
10;74;44;23;16;22;41;38;34;32;48;47;35;28;54;54;44;39;59;56;49;48;2
15;46;75;98;120;132;100;127;119;106;95;111;100;89;86;100;89;75;74;85;75;64;2
16;42;61;97;123;138;101;127;133;130;86;107;108;102;70;85;84;76;59;61;56;47;2
16;6;46;67;68;61;18;10;20;29;15;18;2;10;45;48;30;17;70;79;65;52;2
17;52;98;147;180;204;156;188;192;183;138;166;158;143;125;150;133;113;119;140;122;98;2
18;52;100;150;183;208;150;184;189;182;131;159;150;135;116;142;125;105;107;131;115;93;2
18;2;2;3;4;7;2;7;2;3;1;2;2;4;2;4;5;9;4;3;6;8;2
19;95;124;156;186;205;156;176;184;180;149;180;191;188;142;171;176;170;132;156;165;160;2
20;95;125;158;189;209;156;173;184;183;150;180;194;194;143;172;181;175;134;161;170;170;2
20;5;13;16;17;17;6;2;2;4;1;7;3;2;9;14;12;9;15;23;22;21;2
21;73;138;199;239;269;198;238;250;248;175;200;208;201;146;166;173;171;119;127;135;136;2
22;311;339;359;377;392;327;344;360;365;308;322;338;340;292;307;322;324;284;291;303;307;2
22;277;270;251;236;218;228;213;207;204;228;212;206;205;230;215;209;207;235;217;210;204;2
22;98;152;201;236;264;203;235;253;262;174;200;213;216;144;166;182;187;112;128;146;159;2
23;345;360;367;378;390;328;319;328;338;308;304;318;325;296;289;303;311;290;279;290;300;2
23;283;279;262;245;227;229;199;187;183;223;193;182;179;219;189;175;170;221;189;172;163;2
23;98;151;200;237;259;201;229;252;263;171;197;219;227;142;162;184;195;114;123;141;157;2
24;340;362;372;387;398;328;313;323;335;306;285;298;310;294;271;280;289;289;268;274;282;2
24;278;283;271;259;242;221;193;185;185;211;181;174;177;208;178;169;171;209;184;177;175;2
24;107;154;199;232;254;199;225;247;260;171;191;213;224;144;159;182;194;119;131;149;165;2
25;107;157;199;231;256;199;224;246;260;169;190;208;218;140;155;174;185;115;125;142;155;2
25;113;160;202;232;258;195;211;227;239;167;184;202;212;139;153;172;185;116;125;143;158;2
26;115;159;197;225;251;195;211;226;239;170;187;206;217;145;158;177;191;123;129;147;162;2
26;120;160;197;224;250;192;206;217;226;168;184;203;214;144;159;179;193;123;133;151;166;2
27;121;167;207;237;264;192;206;218;226;166;183;199;211;139;154;173;184;114;125;142;154;2
27;120;167;209;238;262;195;211;221;228;168;194;209;219;142;164;178;186;117;129;140;149;2
28;121;161;199;225;250;190;207;214;219;169;196;211;218;148;170;183;191;125;139;148;157;2
28;2;19;32;36;37;7;8;9;8;4;4;2;4;14;16;13;10;22;24;21;17;2
29;4;2;1;2;3;2;1;1;4;3;1;2;3;4;4;5;6;5;6;9;10;2
17;44;92;94;79;70;75;70;77;90;87;41;27;52;101;47;25;26;108;64;37;30;2
19;11;25;27;23;15;6;3;5;12;19;14;5;20;28;21;16;25;31;33;25;23;2
20;4;2;6;8;6;4;0;7;15;9;12;6;7;14;17;14;16;21;19;14;14;2
21;4;3;5;5;8;6;7;11;15;4;3;3;4;2;1;1;1;1;3;4;2;2
22;4;2;4;3;7;3;10;14;19;3;4;2;4;4;4;2;4;6;6;4;2;2
23;8;2;1;2;5;5;2;1;3;3;5;6;6;3;6;6;6;5;7;8;8;2
24;9;10;9;9;7;8;6;5;6;9;11;11;9;9;9;11;9;8;9;11;10;2
25;9;6;3;2;5;6;6;7;8;7;5;0;5;9;8;1;6;10;9;1;5;2
26;5;2;3;6;8;7;6;7;11;7;12;12;12;5;11;11;9;7;12;11;9;2
27;31;53;59;52;32;36;48;80;122;28;55;41;61;24;35;16;46;21;24;7;33;2
28;38;59;66;57;35;35;43;74;116;21;52;41;61;15;35;16;42;10;22;11;27;2
28;40;26;17;14;9;9;28;44;55;7;33;35;59;8;21;5;16;9;16;6;11;2
29;42;26;21;20;19;11;26;38;49;6;38;42;64;5;24;11;20;5;18;11;18;2
29;5;6;4;5;5;6;4;2;4;7;6;6;7;5;7;7;8;4;5;8;7;2
30;31;29;35;34;22;19;38;52;64;17;46;40;60;20;38;16;40;21;32;8;28;2
31;36;35;38;36;25;18;34;47;59;15;43;45;66;17;36;24;45;19;28;14;37;2
31;4;4;2;4;6;3;1;1;4;3;3;5;6;3;4;4;8;5;3;6;14;2
32;4;1;3;4;8;3;2;2;0;4;3;9;11;4;4;9;9;3;4;10;13;2
33;3;4;3;2;2;3;4;3;4;2;3;4;4;1;2;2;1;0;1;2;2;2
34;4;1;3;3;4;4;4;4;3;4;4;2;2;4;1;2;2;5;2;2;6;2
35;4;5;4;4;4;4;6;8;9;4;6;6;6;4;5;5;7;3;6;3;4;2
36;3;9;8;8;8;4;3;3;7;6;11;14;12;6;14;16;14;6;14;20;24;2
37;51;73;73;59;37;31;39;62;89;22;43;42;57;23;30;29;37;22;20;23;41;2
38;59;77;78;62;40;33;33;54;79;18;41;47;62;16;29;35;41;14;18;24;40;2
38;61;68;62;49;36;23;11;26;38;9;24;29;40;10;19;21;30;15;13;18;33;2
39;62;71;64;52;40;24;11;22;34;9;25;31;43;8;19;21;29;12;12;20;34;2
39;4;3;2;1;2;1;1;3;5;1;4;2;1;3;4;3;2;4;4;2;1;2
40;54;71;65;48;28;23;36;53;71;16;54;52;70;16;47;39;57;11;35;28;42;2
41;52;72;67;50;27;30;40;55;72;21;60;56;68;19;51;42;57;14;38;31;41;2
41;53;55;43;31;20;17;17;30;39;9;27;37;57;7;20;24;34;9;11;18;33;2
42;55;56;47;36;25;21;15;26;34;11;28;37;55;8;21;22;30;8;13;18;31;2
5;5;15;22;22;21;26;29;33;40;18;18;37;57;11;16;34;50;5;13;23;32;2
6;91;115;132;135;131;110;130;126;113;103;131;113;93;111;137;117;100;126;143;130;114;2
8;5;53;77;81;91;69;68;64;61;23;11;39;80;32;53;79;106;71;98;111;123;2
9;49;5;44;62;72;79;108;119;120;75;102;97;93;83;103;81;65;103;123;114;104;2
10;424;467;496;508;512;507;527;530;530;481;505;504;502;451;464;454;444;417;425;422;417;2
10;444;448;457;469;479;485;503;501;489;484;501;493;478;478;490;478;463;468;478;471;462;2
11;440;444;453;465;478;480;495;493;483;480;495;487;472;475;485;473;457;467;473;466;457;2
11;465;473;482;491;498;539;566;580;591;537;529;503;481;518;492;463;441;492;468;450;435;2
13;6;10;14;15;20;8;9;10;11;10;11;7;9;12;13;10;6;12;12;12;10;2
14;4;4;4;3;4;4;5;8;9;5;6;9;11;5;4;3;4;5;4;4;5;2
15;3;3;2;3;0;2;3;1;2;1;3;1;4;1;5;5;4;1;4;4;4;2
16;4;4;6;6;7;5;3;5;8;7;5;5;7;6;5;4;3;6;5;4;2;2
17;6;5;5;3;3;4;4;5;6;3;4;4;3;5;3;4;4;5;4;4;4;2
18;2;1;1;0;2;1;4;5;5;4;6;6;7;2;6;7;7;4;6;6;6;2
19;2;3;3;1;2;4;3;3;3;2;8;8;6;3;8;6;5;3;6;5;5;2
20;1;1;2;6;9;2;4;6;7;1;4;4;2;2;1;1;2;2;1;2;2;2
21;4;1;4;9;16;2;4;7;8;1;0;1;4;1;4;3;3;1;3;2;3;2
22;438;406;402;405;413;487;532;556;577;518;515;498;486;525;502;484;472;516;502;494;490;2
23;439;407;405;405;410;488;532;555;574;519;512;494;481;524;498;480;470;515;502;493;490;2
23;450;418;405;397;397;469;491;513;539;500;477;463;458;512;475;462;458;511;492;486;485;2
24;450;416;401;392;392;467;488;511;539;498;477;464;459;511;476;462;457;511;492;485;484;2
24;431;445;459;464;476;505;538;554;564;500;485;461;440;479;442;419;403;449;420;405;392;2
25;431;447;463;469;481;507;536;553;562;501;478;453;428;479;436;413;395;449;415;401;387;2
25;471;430;406;385;369;459;455;455;454;486;432;392;360;498;436;395;368;504;457;425;404;2
26;470;427;405;386;373;458;454;453;452;485;433;391;360;495;436;395;368;502;455;423;402;2
26;2;2;2;1;3;3;2;2;2;4;3;2;1;5;5;4;2;6;5;4;1;2
27;415;351;308;277;254;351;350;354;361;389;346;312;288;414;362;329;309;434;388;360;343;2
28;412;348;304;273;247;350;346;351;360;387;345;312;289;412;360;324;303;430;385;357;342;2
28;4;5;5;5;3;7;5;4;4;6;3;3;3;4;4;2;3;4;3;5;8;2
29;380;309;263;228;196;312;306;306;309;358;317;285;261;391;339;306;284;416;370;339;319;2
30;379;307;261;224;190;310;303;303;306;355;311;280;256;387;336;303;280;411;366;336;315;2
0;52;18;32;53;62;42;78;86;85;23;38;35;30;21;8;18;25;47;47;58;66;2
1;54;21;35;55;64;44;79;88;87;24;38;35;31;22;10;21;30;49;49;59;67;2
3;1;1;2;2;2;2;1;2;3;1;1;1;2;1;0;2;2;0;0;1;2;2
5;53;21;24;42;53;36;69;76;75;21;37;32;28;17;6;19;29;37;37;49;57;2
6;59;28;28;48;62;39;74;84;85;21;42;40;38;16;2;12;22;39;37;46;53;2
7;57;43;21;4;18;14;46;59;67;15;45;50;54;6;24;21;19;7;11;11;14;2
8;61;47;23;6;19;14;47;61;69;15;49;55;60;7;29;26;23;8;14;13;14;2
10;62;51;27;8;19;8;42;59;69;10;45;52;58;4;29;25;23;8;17;15;19;2
11;52;41;24;4;14;3;32;37;44;6;32;32;36;3;16;11;19;10;10;17;28;2
12;11;6;9;10;17;6;9;11;13;5;5;16;22;5;14;31;43;7;13;23;30;2
14;586;523;480;463;473;519;490;484;487;569;551;543;541;612;598;590;589;649;644;637;633;2
15;559;518;488;479;490;525;513;507;507;565;567;559;556;598;603;593;590;627;635;625;617;2
15;565;522;494;479;473;528;518;506;504;563;566;550;543;594;603;585;576;620;633;619;605;2
16;126;111;84;47;19;30;18;13;8;17;22;8;10;7;19;8;14;11;15;14;19;2
17;556;496;456;441;452;530;509;496;492;571;560;544;538;601;598;584;580;620;626;618;616;2
17;576;523;486;473;473;527;523;523;522;565;572;565;558;599;609;602;596;626;638;633;627;2
17;104;95;89;84;84;29;16;24;25;16;17;27;43;13;16;24;41;15;17;26;33;2
18;76;78;66;52;34;99;92;65;46;102;86;50;31;101;81;51;37;93;76;58;57;2
19;520;496;485;480;475;524;526;512;501;546;550;534;518;559;558;538;523;563;558;540;523;2
19;530;519;516;515;507;563;567;540;517;575;587;558;534;581;587;554;530;580;580;555;536;2
21;547;495;467;456;447;543;536;514;499;574;576;547;527;598;600;571;551;611;614;595;578;2
21;528;482;463;465;475;539;548;539;529;573;578;557;537;597;598;576;558;612;615;599;584;2
22;508;470;459;469;483;525;546;534;515;560;571;544;516;584;587;559;534;599;602;582;562;2
22;515;477;466;478;493;522;545;530;511;562;576;559;540;592;605;587;570;613;628;616;603;2
23;90;92;94;94;98;106;104;117;139;104;102;100;101;100;95;94;98;93;86;86;88;2
24;481;427;401;401;407;472;485;492;500;516;524;498;472;547;549;513;482;567;569;543;518;2
24;509;459;426;423;426;489;483;466;449;540;530;501;475;577;568;534;509;606;606;580;558;2
24;85;89;92;97;114;109;113;124;135;111;116;123;127;106;108;118;126;100;97;105;112;2
25;477;424;406;408;419;473;482;473;460;509;516;480;445;533;537;499;467;546;543;513;489;2
25;512;509;502;482;462;510;484;474;470;511;484;474;471;510;491;483;487;508;496;489;492;2
25;92;140;161;152;143;144;139;132;127;127;128;115;107;114;113;93;84;103;88;66;54;2
14;19;22;37;43;43;21;29;31;30;7;13;17;18;20;14;13;14;36;37;32;29;2
15;19;4;10;20;25;14;19;14;12;7;11;8;6;5;6;8;11;11;12;18;19;2
15;4;10;18;27;34;12;11;19;26;4;3;14;22;8;10;6;10;16;22;16;6;2
16;17;17;26;33;36;13;26;31;29;3;20;18;10;12;16;9;6;22;20;19;19;2
16;10;7;6;8;12;12;18;18;16;11;10;8;5;12;7;7;10;18;17;23;29;2
17;16;9;26;34;36;26;29;23;16;19;19;11;8;13;16;25;30;19;26;40;47;2
18;21;10;31;42;48;29;29;23;16;22;22;9;2;17;20;23;28;22;29;37;41;2
18;5;5;1;2;4;3;8;9;9;2;8;8;7;2;4;4;5;2;3;1;1;2
19;9;6;4;2;1;1;5;5;4;1;5;5;3;2;4;5;3;4;1;0;1;2
20;315;298;275;254;236;272;260;252;247;278;267;261;260;283;276;273;274;292;287;288;289;2
21;321;302;278;254;235;275;263;254;248;280;268;260;261;286;276;272;276;293;287;287;290;2
21;2;1;4;5;5;1;2;2;2;0;0;2;1;0;1;2;1;1;1;2;2;2
22;342;301;270;248;235;262;247;243;254;284;268;265;274;309;287;282;281;337;317;310;311;2
23;342;301;269;247;233;262;246;243;253;285;268;265;275;309;287;281;281;338;316;309;310;2
23;338;287;251;231;218;263;246;230;221;289;267;254;249;316;294;282;281;346;328;316;311;2
24;337;286;250;230;217;263;246;230;220;287;267;254;249;316;294;283;280;345;329;317;312;2
24;339;288;254;235;222;270;251;227;215;293;268;249;246;322;297;280;277;352;335;319;311;2
25;344;288;250;232;219;266;248;225;216;289;264;245;244;316;290;275;276;346;328;314;308;2
25;350;296;258;236;221;270;248;232;224;291;264;249;249;319;291;277;278;348;328;310;302;2
26;347;296;258;236;222;272;249;232;224;293;266;250;249;321;292;278;278;349;329;311;303;2
26;346;295;260;239;228;273;250;231;221;295;268;249;241;322;297;277;268;351;334;317;305;2
27;344;294;259;239;227;271;249;231;221;293;265;249;242;320;296;277;268;350;333;316;304;2
27;347;298;261;240;227;274;251;234;222;295;267;252;245;321;294;278;268;350;327;309;297;2
28;346;298;262;240;230;272;250;233;221;294;266;251;245;321;293;277;267;349;327;309;297;2
28;343;294;258;237;227;272;249;226;213;294;263;243;237;323;291;272;265;353;328;309;296;2
29;343;296;259;238;227;273;250;226;211;294;263;242;235;322;291;272;264;352;327;309;296;2
29;347;297;254;233;223;266;241;217;209;289;256;236;234;318;285;268;266;349;321;305;298;2
30;345;295;253;233;223;266;241;218;210;290;258;238;236;320;287;268;266;351;323;305;298;2
30;333;285;247;229;218;267;252;236;227;291;258;233;225;320;284;264;258;348;318;299;292;2
31;334;284;247;230;218;266;251;234;225;291;257;233;226;319;284;265;259;348;319;301;294;2
31;334;285;245;225;207;267;256;255;260;293;253;230;226;319;278;260;258;345;314;297;292;2
5;10;8;9;11;14;14;7;5;4;15;6;9;7;11;7;9;8;7;6;11;9;2
7;5;2;1;4;12;12;7;27;44;10;10;27;41;7;6;16;22;3;5;14;21;2
8;22;16;14;17;29;8;23;46;62;7;28;47;60;4;22;33;38;2;16;25;32;2
11;5;3;6;2;13;19;12;16;13;18;11;16;13;14;9;15;12;13;7;10;11;2
13;1;8;8;6;3;22;13;17;42;21;8;19;40;18;6;10;25;11;5;7;18;2
14;3;14;20;21;18;29;28;33;40;26;24;32;39;19;18;22;26;13;12;15;20;2
15;6;19;30;37;41;20;9;12;12;28;13;14;19;25;16;21;27;17;15;25;33;2
16;56;49;47;47;45;55;47;52;54;58;46;42;39;58;43;32;28;58;47;36;29;2
17;67;75;79;88;97;100;125;123;118;115;140;136;128;126;150;147;141;131;153;151;144;2
19;52;82;99;114;130;89;94;87;77;74;74;70;60;61;64;61;52;61;70;73;67;2
20;17;15;27;39;49;35;55;73;82;38;68;81;84;43;66;73;70;47;64;68;64;2
21;83;87;86;91;93;84;80;70;58;82;67;49;33;81;66;51;43;82;72;63;58;2
22;362;357;376;396;409;424;435;426;414;426;417;398;382;422;404;385;373;414;397;383;375;2
22;372;365;379;397;417;414;444;442;434;422;449;443;432;429;453;446;435;433;452;449;442;2
23;15;17;16;13;9;14;12;22;27;14;15;28;34;14;16;28;32;13;15;21;23;2
24;60;52;63;71;81;60;64;72;85;56;65;71;87;48;49;36;36;39;38;34;36;2
25;51;40;44;47;53;45;53;62;71;39;50;58;73;29;31;18;16;17;15;16;20;2
25;9;9;9;10;12;8;10;12;15;10;10;12;16;11;13;14;15;11;14;15;17;2
26;10;6;8;8;9;9;14;14;17;8;11;11;11;6;7;7;8;3;2;4;6;2
27;12;11;14;20;26;8;9;9;26;4;5;14;25;7;9;19;23;12;14;13;10;2
28;9;12;9;7;9;12;10;23;35;9;11;22;30;4;1;2;7;5;12;20;25;2
29;16;11;10;8;7;2;4;28;53;3;13;17;18;6;17;22;25;8;11;13;15;2
30;6;3;6;8;8;6;4;4;3;4;14;16;17;7;12;10;5;10;14;11;8;2
31;6;5;4;4;5;6;4;2;0;7;10;12;11;8;11;8;8;8;8;9;8;2
32;3;2;2;1;2;1;2;2;4;1;5;5;6;0;5;5;6;1;4;4;5;2
33;364;375;407;435;456;450;488;517;539;449;458;443;428;440;438;422;406;425;423;413;403;2
34;363;375;407;437;460;450;488;516;538;448;458;441;429;437;438;421;407;422;421;412;401;2
34;6;4;5;5;5;6;6;8;8;8;5;6;7;7;9;9;11;5;9;11;14;2
35;357;361;395;428;451;437;488;513;532;444;462;440;422;441;444;424;410;434;433;418;408;2
36;350;356;391;420;438;431;482;507;525;437;453;429;413;433;436;416;403;426;424;410;402;2
36;354;361;395;424;443;426;460;488;509;430;428;409;400;425;414;398;391;419;407;398;395;2
29;27;17;12;14;17;4;14;16;14;4;5;4;3;9;5;7;10;13;9;14;16;3
30;37;40;49;59;72;40;40;45;43;16;26;29;22;21;30;30;20;42;48;47;42;3
31;476;419;357;319;318;300;280;307;334;324;313;335;355;362;351;368;387;401;393;403;416;3
32;199;169;222;307;371;316;440;420;378;373;493;463;416;409;517;481;434;431;509;479;441;3
33;196;172;228;312;377;335;438;419;382;385;484;456;417;414;509;475;434;428;502;473;438;3
33;191;166;222;306;370;332;432;413;378;385;485;453;412;416;513;474;429;433;511;480;439;3
34;188;157;207;278;343;303;408;400;371;365;476;453;413;407;512;479;435;433;513;485;442;3
34;188;163;213;284;346;311;411;401;371;376;479;453;411;418;515;481;436;442;515;485;445;3
35;185;166;221;306;371;315;426;410;373;371;481;451;404;408;513;475;428;431;516;484;441;3
35;187;168;224;307;370;319;427;408;372;376;482;449;404;414;514;475;430;438;518;487;445;3
36;181;159;213;289;349;311;414;395;359;370;473;440;396;408;507;469;425;433;514;483;443;3
36;180;158;211;288;350;313;409;390;354;375;471;438;394;415;509;471;427;441;519;488;448;3
37;177;152;202;274;333;298;396;383;353;362;462;435;395;404;502;468;426;430;510;482;442;3
37;174;148;196;269;329;297;392;379;348;362;459;433;395;404;501;467;424;429;509;483;442;3
38;171;148;199;270;328;298;387;372;337;362;452;422;381;405;490;454;410;432;502;473;432;3
38;169;147;196;265;323;296;384;369;333;361;450;421;378;404;490;453;406;432;503;472;430;3
39;167;151;202;270;326;298;387;371;334;360;448;417;373;400;486;448;402;426;497;465;424;3
39;165;149;201;270;326;298;388;372;335;359;448;417;373;399;485;448;402;424;496;464;423;3
40;168;149;198;268;324;294;380;365;331;355;446;417;375;396;487;449;403;421;499;467;425;3
40;168;152;201;272;329;294;380;364;331;356;446;417;376;397;486;449;405;421;499;469;426;3
41;172;155;204;273;331;296;381;366;332;359;446;418;378;401;486;450;407;425;500;470;428;3
41;172;156;207;278;336;296;385;368;334;359;448;419;378;401;488;451;406;426;502;470;428;3
42;174;159;209;280;336;303;393;374;338;363;449;418;377;403;486;448;403;428;501;468;427;3
42;175;158;207;278;334;302;393;374;338;362;450;418;376;403;486;448;403;429;500;467;427;3
43;182;166;216;290;348;307;398;378;341;368;452;419;377;408;488;449;404;433;497;466;427;3
43;182;166;215;288;347;307;397;377;341;368;452;420;378;407;488;450;406;431;496;467;428;3
44;182;166;215;287;345;303;397;378;343;363;451;420;378;402;486;449;406;427;495;464;426;3
44;182;167;218;291;349;304;399;379;343;363;451;419;377;402;485;448;405;428;495;463;426;3
45;180;163;212;283;340;300;397;377;342;359;450;419;377;399;485;449;405;425;496;465;427;3
45;181;164;211;281;338;300;396;378;343;359;450;421;379;399;486;450;406;424;496;466;428;3
46;180;163;211;281;339;302;392;374;339;362;449;419;377;401;486;449;405;426;494;464;426;3
0;5;4;3;8;20;13;9;27;42;12;11;33;48;7;11;26;34;1;13;23;32;3
1;5;4;5;6;7;2;6;14;21;1;8;20;32;1;8;21;31;3;8;17;25;3
2;12;20;24;28;30;25;23;27;31;19;17;24;32;10;12;17;20;5;6;9;13;3
3;295;224;184;173;180;224;202;195;194;273;264;255;249;313;307;295;287;341;337;327;320;3
4;292;238;201;185;182;217;185;174;166;255;240;232;224;290;281;269;259;319;312;302;294;3
4;290;246;210;186;170;243;212;194;181;272;245;230;223;291;264;247;239;304;281;263;249;3
5;32;53;72;81;75;48;64;81;97;29;61;95;124;15;43;69;92;15;22;35;57;3
6;195;157;134;145;163;132;169;184;190;144;184;199;202;164;197;208;207;182;204;215;216;3
6;176;185;193;202;198;148;174;185;192;117;146;158;161;116;134;139;139;133;136;133;129;3
7;207;261;289;299;301;269;290;277;268;224;237;229;220;177;191;183;178;135;138;134;129;3
8;142;126;113;133;170;132;146;131;127;137;140;132;132;137;139;129;128;134;138;131;128;3
8;147;139;140;160;191;192;228;241;250;205;243;254;260;213;245;252;255;214;238;244;250;3
10;52;24;30;52;72;66;112;138;157;93;143;166;183;114;161;178;189;127;167;181;190;3
11;67;24;17;30;39;86;120;132;139;126;160;175;188;153;187;199;207;167;200;212;221;3
11;68;31;22;25;29;89;114;131;140;127;151;166;181;154;179;189;198;172;194;203;213;3
12;75;29;25;34;41;85;111;130;142;126;154;172;191;156;184;199;215;180;204;215;228;3
12;88;60;80;97;99;122;144;129;124;153;170;164;172;175;189;188;200;193;208;210;219;3
14;9;9;7;6;7;6;3;5;6;6;1;3;3;7;2;5;7;7;4;5;7;3
15;6;6;6;4;1;3;4;3;2;3;3;3;3;3;4;4;4;4;3;4;4;3
16;2;2;4;6;6;8;5;3;4;7;3;2;5;5;5;4;3;4;6;6;4;3
17;1;3;2;2;6;4;4;3;4;3;4;4;5;3;4;4;4;2;5;6;5;3
18;3;3;4;4;3;4;4;3;2;4;3;3;4;5;6;7;7;6;8;9;8;3
19;75;50;65;96;126;128;165;166;165;159;190;184;173;179;199;189;177;192;205;196;186;3
20;70;49;63;94;127;114;161;168;166;146;187;184;173;169;197;191;179;186;204;197;187;3
20;66;42;53;84;112;108;154;166;169;144;187;172;151;169;200;182;163;188;207;192;177;3
21;69;49;58;83;110;98;145;161;168;131;179;167;149;155;194;179;159;173;203;192;175;3
21;57;45;58;89;120;80;135;141;138;106;160;148;131;127;173;157;137;145;183;169;152;3
22;43;40;58;95;131;82;139;143;136;103;161;146;127;121;171;151;131;133;175;159;144;3
22;30;33;49;87;123;61;122;121;107;78;144;129;109;92;151;132;110;102;151;137;121;3
23;12;10;11;18;23;14;28;26;28;15;30;34;37;15;33;37;37;18;35;37;36;3
24;84;77;70;61;54;74;63;65;66;78;57;61;57;77;54;56;58;75;58;60;62;3
21;296;241;196;178;170;170;167;170;168;163;152;155;159;174;153;161;175;203;179;188;207;3
21;104;123;152;183;201;174;213;208;195;173;211;200;184;173;204;191;174;175;202;194;181;3
23;91;94;101;108;120;105;102;111;126;100;92;95;104;95;91;92;96;92;94;92;92;3
24;127;122;127;143;155;217;249;233;212;245;276;246;216;258;280;244;216;259;271;239;214;3
25;86;89;101;127;140;154;215;199;171;193;246;223;193;214;256;233;203;223;254;233;208;3
27;63;47;82;134;169;171;226;203;176;212;265;236;208;234;280;251;221;242;277;255;231;3
27;65;48;84;137;178;177;220;195;172;219;265;234;209;241;285;250;222;248;284;258;233;3
28;93;78;108;154;196;205;189;158;143;239;213;177;160;251;231;196;177;248;245;220;201;3
28;91;77;106;152;196;202;191;161;145;238;213;178;161;252;232;199;181;253;249;225;206;3
29;77;59;93;145;191;189;225;203;179;233;264;239;216;258;286;258;232;269;295;270;246;3
30;75;57;90;146;188;186;216;197;175;234;255;232;208;261;279;252;224;275;290;265;239;3
30;71;63;102;161;201;204;221;194;169;247;255;226;200;268;276;244;215;276;283;255;229;3
31;69;60;95;148;184;202;210;185;162;244;248;221;193;265;268;238;210;271;276;248;224;3
31;74;65;100;155;190;204;203;176;156;245;240;211;184;265;261;231;204;267;268;242;217;3
32;72;66;102;154;186;202;201;176;155;242;239;211;184;259;259;230;203;262;266;240;215;3
32;84;75;105;146;168;215;192;161;140;249;224;189;162;259;239;207;181;256;247;219;196;3
33;86;71;98;142;166;212;196;166;144;248;228;196;170;260;241;209;184;258;249;220;198;3
33;4;4;4;6;9;1;5;6;4;3;4;3;1;4;2;1;2;4;3;2;2;3
34;77;58;87;134;168;192;212;186;163;237;256;231;206;260;277;248;222;270;282;254;232;3
35;79;62;90;136;170;196;215;190;166;240;258;232;208;261;276;247;222;268;282;253;231;3
35;79;67;95;139;169;204;209;184;162;247;249;222;197;267;266;237;213;272;273;244;224;3
36;81;69;96;140;167;209;209;181;160;251;248;219;193;268;264;234;211;272;269;242;223;3
36;86;67;94;146;182;210;223;194;170;250;258;227;200;266;271;240;215;267;273;245;225;3
37;87;69;100;156;197;210;218;185;161;248;252;218;191;263;265;232;208;264;266;237;218;3
37;86;68;101;161;200;212;222;188;164;250;256;222;194;265;268;234;211;266;268;239;220;3
38;87;68;98;156;195;207;218;186;162;246;250;219;192;263;263;230;208;267;264;235;217;3
38;88;69;97;155;194;206;218;186;161;246;252;220;193;263;264;232;209;268;266;237;219;3
39;89;67;95;152;192;202;216;185;161;243;249;217;190;260;261;229;205;264;263;233;215;3
39;88;67;97;153;193;204;217;186;161;244;250;219;191;261;262;230;205;265;264;233;215;3
40;87;68;98;154;194;206;217;186;162;245;250;219;193;261;262;230;207;265;264;234;216;3
40;86;70;98;154;194;207;218;186;163;247;249;218;194;262;262;230;208;265;264;235;217;3
16;410;441;469;482;477;555;569;531;498;565;581;532;495;557;572;528;493;538;546;510;481;3
17;378;405;445;491;525;545;548;496;461;555;556;499;458;544;544;489;452;518;511;469;437;3
17;384;385;415;463;504;524;528;483;450;552;549;497;459;558;551;499;461;550;539;500;469;3
18;171;231;300;352;385;369;431;425;404;374;438;422;392;367;426;403;370;350;395;380;354;3
19;173;235;303;355;387;370;426;426;409;372;429;421;396;363;414;400;375;344;384;374;354;3
19;176;231;285;337;372;364;418;413;394;371;426;416;391;358;409;397;374;331;372;367;352;3
20;180;201;240;283;317;339;391;394;385;365;422;422;409;375;430;424;410;371;418;416;405;3
20;194;191;219;263;301;336;377;368;352;374;423;411;392;390;437;425;409;389;429;420;407;3
21;187;195;236;289;331;335;387;377;360;367;420;409;390;378;427;413;395;372;411;402;389;3
21;187;193;234;285;324;325;384;382;367;358;421;415;398;372;430;415;393;369;416;407;390;3
22;188;197;237;282;319;317;382;387;375;343;413;416;402;351;417;412;394;346;400;397;385;3
22;185;191;223;265;302;312;372;383;371;339;409;411;392;347;409;398;374;340;390;383;363;3
23;191;198;229;266;299;318;374;386;379;339;402;406;394;343;397;391;376;335;377;372;359;3
23;181;193;233;273;307;318;377;386;378;339;401;404;392;341;396;395;382;332;376;376;367;3
24;192;201;249;306;345;367;401;382;358;405;434;406;375;415;439;407;376;411;430;402;377;3
25;181;196;248;302;339;360;395;382;362;394;429;410;386;400;430;407;383;391;412;389;368;3
25;190;196;240;297;338;353;383;373;353;390;426;409;385;400;433;413;388;394;420;399;374;3
26;193;196;241;298;339;352;384;372;352;389;424;407;384;400;432;412;389;397;420;400;377;3
26;201;201;243;297;337;347;381;370;349;385;422;406;383;399;432;411;386;398;424;403;378;3
27;203;203;243;298;338;344;379;373;356;382;421;409;389;396;431;414;392;395;424;405;381;3
27;203;207;251;303;341;338;383;375;354;367;411;395;371;377;413;390;364;373;401;378;351;3
28;203;206;249;300;337;338;378;373;354;369;409;396;373;379;417;398;373;377;408;389;363;3
28;3;15;22;25;24;10;7;8;7;4;2;2;1;7;6;4;5;14;13;9;7;3
29;185;223;280;328;360;381;415;405;393;396;432;420;401;392;425;414;400;377;400;389;376;3
30;187;222;274;319;349;382;413;408;396;398;431;424;407;391;420;412;398;375;394;381;366;3
30;194;193;230;282;317;338;369;368;360;379;417;414;400;392;427;418;404;391;413;396;378;3
31;192;214;268;321;355;354;378;376;371;375;408;410;408;378;410;406;403;370;395;389;385;3
31;191;208;267;324;367;341;376;371;359;358;404;398;388;365;406;396;382;361;394;383;371;3
32;196;206;260;314;352;344;378;374;367;359;400;395;391;364;404;393;387;361;394;388;380;3
32;190;213;268;317;355;338;374;377;375;345;394;400;400;343;394;393;390;331;371;373;370;3
33;194;229;288;341;382;339;376;382;381;338;385;391;394;331;380;381;381;316;358;359;358;3
16;119;127;129;125;127;96;102;128;148;88;102;120;135;89;102;107;114;96;105;102;103;3
18;93;110;156;194;223;173;224;246;258;173;245;274;294;171;228;231;225;168;206;205;200;3
19;19;8;9;11;25;51;41;23;11;34;19;47;65;23;47;59;54;31;54;68;77;3
20;14;27;42;43;44;59;60;55;52;49;32;25;26;37;17;9;10;31;5;30;52;3
21;19;16;14;16;18;19;13;29;40;27;4;28;39;30;3;21;32;37;11;14;30;3
22;9;9;10;5;4;36;24;11;16;37;15;13;23;37;13;9;22;40;17;7;23;3
23;159;173;213;256;282;304;320;302;288;332;333;305;283;342;347;320;296;343;354;330;309;3
24;165;179;218;261;284;300;333;319;305;329;349;322;299;342;357;330;305;344;359;335;311;3
24;168;176;218;265;291;307;335;325;315;340;359;333;313;354;367;339;318;353;366;342;318;3
25;175;184;220;264;292;312;338;325;316;342;360;337;319;354;367;342;323;356;371;348;326;3
25;178;210;260;302;325;327;352;335;325;335;349;330;317;331;343;326;313;323;338;324;311;3
26;181;205;255;299;325;324;349;332;323;333;347;326;313;329;339;321;308;321;331;318;306;3
26;184;198;237;276;303;314;338;321;313;333;347;325;311;335;347;326;311;330;344;327;311;3
27;185;198;240;277;303;318;339;322;314;335;345;323;309;336;343;321;307;329;337;320;306;3
27;6;9;11;13;14;7;1;6;3;10;0;2;4;12;2;1;4;13;6;6;6;3
28;26;62;90;108;114;74;117;145;170;53;99;134;167;42;79;83;79;45;61;62;54;3
32;46;16;50;70;74;17;24;21;9;24;13;11;19;49;56;103;145;74;82;112;144;3
33;84;94;121;154;179;219;299;326;347;243;330;358;378;252;334;361;376;250;314;334;347;3
34;77;100;101;90;74;96;100;93;81;103;129;124;113;119;151;143;127;134;162;152;138;3
35;140;111;112;131;152;166;207;209;204;184;221;216;207;195;226;214;199;207;234;225;212;3
35;355;317;285;251;229;253;207;193;191;266;217;207;208;283;244;240;248;304;277;270;276;3
40;58;16;79;125;153;109;189;236;269;89;150;166;178;76;109;105;100;84;95;82;74;3
45;42;42;38;28;18;50;56;86;116;42;39;48;60;31;24;24;33;19;7;9;2;3
56;5;20;40;56;69;22;28;16;20;17;14;11;23;16;9;6;13;19;18;14;11;3
57;7;22;28;24;23;27;31;24;21;12;11;4;3;24;25;24;22;43;44;41;35;3
58;462;434;416;407;410;445;453;452;454;465;469;458;456;482;472;458;451;497;484;468;459;3
59;427;376;352;345;347;395;403;403;404;422;421;404;394;443;421;399;388;459;435;415;405;3
60;124;114;146;182;214;205;253;282;303;225;274;288;296;236;259;245;234;237;254;243;231;3
66;38;42;42;37;36;47;42;37;30;50;47;46;48;51;52;57;65;53;53;56;61;3
68;10;7;17;21;25;9;11;10;6;7;8;14;23;11;19;33;50;15;25;38;51;3
69;290;271;243;218;198;234;222;228;238;207;192;205;232;178;150;157;179;156;111;97;96;3
0;2;0;1;3;4;6;4;5;4;5;3;6;8;3;1;5;9;3;4;5;5;3
2;13;63;84;81;71;45;37;25;16;41;54;58;63;56;73;77;78;71;87;90;88;3
10;20;45;62;60;51;19;11;7;15;52;53;38;36;75;72;54;47;88;86;73;64;3
11;449;443;438;431;430;487;463;446;437;488;458;436;425;479;447;428;423;464;439;429;430;3
11;468;475;472;463;449;477;446;428;420;466;431;410;399;452;416;399;393;439;406;396;395;3
12;152;115;92;79;61;66;63;57;54;60;42;46;52;77;63;77;89;111;106;113;118;3
13;330;280;253;248;252;267;266;253;245;274;266;250;242;286;269;252;244;296;278;265;256;3
13;183;140;106;95;92;108;114;111;103;110;113;104;88;109;98;80;71;108;93;81;79;3
16;94;100;101;102;99;74;105;102;99;69;103;108;111;75;108;122;128;89;108;119;123;3
18;15;21;20;17;14;33;19;23;26;37;19;21;29;38;22;21;28;36;24;23;28;3
19;112;129;166;199;223;186;209;206;201;189;210;203;196;183;199;192;186;173;181;176;171;3
20;122;133;159;187;214;176;198;195;195;178;202;196;195;175;197;191;185;170;186;181;174;3
21;138;129;146;166;184;180;195;189;188;193;205;192;186;198;211;195;183;201;211;196;183;3
21;130;127;143;160;175;175;191;189;189;188;199;189;182;194;201;189;180;198;202;190;179;3
22;115;113;140;173;201;163;191;195;201;180;213;204;193;191;220;207;194;199;224;213;198;3
22;106;103;132;169;196;152;185;189;194;170;207;200;189;182;215;202;188;190;218;206;191;3
23;119;104;125;162;193;158;177;167;159;184;200;181;166;199;210;187;170;206;215;197;182;3
23;111;101;122;158;192;148;172;165;156;170;198;180;161;184;210;187;167;191;215;199;181;3
24;132;144;151;164;176;113;139;149;156;101;127;138;146;95;115;121;122;92;103;110;111;3
27;24;23;20;21;24;14;24;27;48;22;40;42;60;32;48;35;33;41;56;42;25;3
28;381;354;360;376;390;402;422;423;422;414;426;431;436;420;425;430;437;422;425;430;438;3
31;436;389;375;373;378;417;427;434;440;454;473;484;493;486;517;534;546;513;543;561;569;3
32;61;48;48;54;64;49;56;57;54;53;57;53;47;60;63;59;54;65;66;68;67;3
33;12;53;77;93;103;33;21;18;18;9;24;34;43;39;62;71;81;67;94;106;116;3
34;17;52;73;89;100;26;9;1;6;4;27;41;55;30;55;68;79;51;77;90;102;3
35;27;13;8;9;8;13;18;24;30;18;20;21;22;23;26;23;21;30;31;28;26;3
37;4;4;4;5;8;5;11;14;15;2;10;17;22;2;7;14;19;5;6;8;13;3
40;6;3;3;4;2;4;9;11;12;4;11;15;17;5;9;13;16;5;6;7;10;3
41;214;208;226;251;272;286;332;361;385;308;353;378;400;318;363;369;371;324;358;364;366;3
42;29;39;51;62;69;46;58;65;70;51;62;67;69;60;66;65;62;67;67;63;62;3
44;346;392;419;427;433;424;450;469;484;400;432;453;467;376;400;424;441;352;372;394;412;3
12;37;64;97;122;139;108;131;121;108;98;118;105;93;84;102;93;82;70;85;77;68;4
17;16;12;5;5;9;3;9;11;12;9;18;20;20;15;25;25;24;21;30;32;31;4
18;70;52;42;37;35;56;40;31;32;58;38;30;34;59;38;31;35;59;40;32;33;4
19;124;130;144;162;174;155;179;177;169;164;189;180;170;168;194;186;175;170;194;191;184;4
20;98;102;115;138;158;138;168;160;147;150;175;164;153;156;179;168;156;160;181;172;160;4
20;98;100;114;137;157;142;169;165;154;155;177;169;159;162;182;173;162;166;185;177;166;4
21;4;4;4;5;4;7;7;2;1;7;5;1;2;7;5;1;2;6;4;1;1;4
22;1;1;1;2;2;2;2;1;3;2;2;1;1;3;2;1;1;3;1;1;0;4
23;2;1;1;1;1;2;1;1;0;1;2;1;1;1;1;1;1;1;1;3;1;4
24;2;1;0;2;3;1;0;0;0;1;1;1;1;2;1;2;1;2;3;1;2;4
25;1;2;2;2;1;1;1;1;1;1;1;1;1;2;2;1;2;2;1;1;2;4
26;64;73;92;110;121;109;128;123;114;115;133;124;115;118;136;125;116;119;134;124;115;4
27;64;73;91;108;119;109;129;123;114;116;133;125;115;120;137;126;116;121;134;125;116;4
27;67;67;81;98;111;101;120;115;106;112;130;123;112;120;138;129;118;123;138;129;121;4
28;67;68;82;99;112;101;120;115;106;112;131;123;113;120;138;130;119;123;139;130;121;4
28;0;1;0;1;1;1;1;1;1;0;0;0;0;0;1;0;0;1;0;0;1;4
29;1;1;0;0;0;1;0;1;0;1;1;1;1;1;2;1;1;1;1;1;1;4
30;1;1;1;1;2;1;1;1;1;1;1;1;1;1;0;1;1;1;1;1;1;4
31;0;1;0;1;1;0;0;0;0;1;1;0;0;1;1;1;0;1;1;1;1;4
32;63;79;99;115;125;115;135;127;117;116;135;125;117;116;135;125;115;116;131;122;113;4
33;63;78;98;113;123;116;135;126;118;117;135;126;118;117;135;125;115;117;131;122;113;4
33;1;0;1;1;1;0;0;1;1;0;0;1;1;0;0;1;1;0;0;1;1;4
34;62;69;88;106;119;109;132;125;117;117;138;129;120;122;142;131;120;126;141;131;122;4
35;62;70;89;107;120;109;132;125;116;118;138;129;120;123;142;131;120;127;141;131;122;4
35;63;67;84;102;115;104;122;117;107;116;133;125;115;122;139;130;119;124;138;130;121;4
36;63;67;85;103;117;105;123;117;107;117;134;125;115;122;140;130;119;124;138;130;122;4
36;1;1;1;2;2;0;1;1;1;1;0;0;0;0;0;0;0;1;1;0;1;4
37;19;11;4;1;1;4;3;3;5;2;2;2;3;0;0;1;4;2;1;3;4;4
38;76;97;115;129;136;128;144;140;132;123;140;134;125;117;137;128;119;112;129;122;115;4
38;65;89;111;125;132;126;147;138;129;123;142;134;123;118;138;128;117;114;129;121;112;4
38;16;9;7;7;9;3;3;1;1;1;2;1;2;1;0;1;1;1;1;2;3;4
15;271;213;186;194;213;188;220;220;214;210;235;232;228;232;250;247;244;254;261;259;255;4
16;349;388;424;453;472;443;487;488;480;430;471;465;454;412;448;432;417;389;419;416;405;4
20;11;13;13;20;33;17;9;5;3;15;8;14;27;15;16;42;71;13;10;26;49;4
21;16;14;14;18;25;4;7;21;37;4;11;24;41;6;7;12;21;10;13;16;18;4
22;163;194;199;193;187;183;200;211;209;169;191;208;213;162;189;212;224;156;181;207;225;4
23;174;203;207;202;196;187;208;233;252;172;199;228;246;164;192;218;233;159;180;204;219;4
23;168;147;143;151;162;155;185;205;223;181;211;232;246;208;237;251;261;229;254;267;277;4
24;202;168;170;184;198;185;222;229;229;213;241;240;234;239;261;253;242;263;279;268;253;4
25;170;204;230;246;251;218;254;264;265;205;237;243;241;194;223;224;216;187;213;210;200;4
25;159;208;240;263;267;230;267;268;260;219;254;256;249;210;244;246;238;201;235;236;227;4
26;131;193;240;273;279;231;272;275;265;220;260;263;254;209;248;251;241;200;233;236;227;4
26;129;193;243;277;289;238;278;282;275;219;261;266;257;201;244;248;240;184;217;224;220;4
27;90;108;162;217;253;220;287;278;259;235;304;288;262;242;309;293;268;241;296;285;270;4
27;91;104;150;202;236;207;279;275;255;228;299;287;263;238;307;293;271;240;299;295;282;4
28;107;110;147;191;222;225;259;244;225;258;285;266;244;276;303;285;262;283;311;300;286;4
28;109;113;151;194;224;224;260;250;235;255;287;276;259;271;302;293;278;275;302;298;291;4
29;111;119;161;204;230;233;260;249;235;260;281;268;254;271;294;284;272;270;292;289;284;4
29;113;115;156;198;227;232;255;248;238;260;281;273;263;274;295;288;279;275;296;292;285;4
30;116;113;151;196;229;229;260;253;242;259;285;278;265;274;300;292;281;277;302;296;288;4
30;114;139;197;250;281;248;279;275;267;260;283;280;273;262;286;281;274;261;283;282;277;4
31;118;143;200;252;283;254;281;274;269;266;286;282;277;268;286;282;276;266;282;282;282;4
31;120;145;205;257;285;257;284;277;275;269;288;285;281;274;289;284;280;274;288;287;287;4
32;117;147;207;260;286;253;287;282;278;265;292;289;283;271;294;289;283;273;292;290;286;4
32;117;146;204;256;284;254;286;281;277;265;289;285;278;269;290;283;277;268;286;283;280;4
33;111;142;201;255;288;238;284;284;278;248;290;287;277;255;292;284;273;258;288;286;278;4
33;110;111;148;194;231;209;252;254;251;240;281;281;274;259;301;298;290;266;303;300;292;4
34;109;129;169;207;233;209;250;258;258;226;271;278;275;233;280;285;281;232;275;282;280;4
34;108;145;203;252;284;217;268;279;283;215;261;273;279;207;246;256;261;198;229;239;246;4
35;104;154;212;258;287;222;270;283;288;210;256;272;280;192;232;249;257;172;205;222;232;4
35;103;154;213;255;282;230;269;279;281;215;254;265;273;194;230;242;250;168;197;212;221;4
36;120;157;213;258;289;253;274;267;267;256;274;272;279;254;269;267;272;246;260;260;263;4
0;2;2;2;2;1;5;8;10;12;4;7;6;6;2;4;5;4;1;2;4;3;4
2;3;2;6;9;14;5;8;6;4;5;7;2;1;3;4;1;1;1;3;1;2;4
4;6;3;3;2;5;3;6;13;18;3;5;11;14;1;5;8;10;3;4;8;10;4
6;7;6;9;9;10;11;15;16;17;13;14;13;11;13;14;11;11;14;14;11;11;4
8;6;5;4;3;6;2;3;4;4;2;5;4;2;3;6;4;3;3;5;2;1;4
11;17;9;7;8;12;7;7;4;1;9;9;9;6;11;12;13;13;10;10;11;11;4
14;7;38;54;59;58;32;29;31;37;21;21;27;36;36;48;57;65;55;68;78;87;4
16;433;415;413;414;416;442;455;464;469;462;489;503;513;481;508;525;537;493;518;532;541;4
17;23;33;50;55;58;41;48;51;60;20;22;24;41;13;11;15;37;32;33;26;33;4
18;50;25;63;81;93;60;83;88;92;27;44;49;53;18;14;8;13;51;43;33;25;4
19;376;352;330;319;315;288;260;272;283;297;273;287;296;318;298;308;313;343;332;339;342;4
20;51;103;138;168;188;111;138;136;130;96;121;119;108;80;102;100;92;66;82;82;79;4
21;283;242;206;190;188;187;173;180;184;190;173;178;181;195;174;177;181;206;185;178;172;4
21;306;312;318;322;317;347;359;344;330;351;369;348;328;348;364;341;321;340;353;335;317;4
25;31;95;133;151;154;95;100;98;95;53;48;50;54;39;40;39;37;60;71;63;52;4
26;150;147;172;204;228;237;290;287;276;263;314;300;279;275;318;301;278;278;313;302;284;4
27;156;165;195;229;254;261;297;294;285;284;312;297;279;291;312;295;277;288;305;294;282;4
27;162;173;205;239;260;278;305;300;290;300;316;298;280;305;317;297;280;300;311;297;283;4
28;191;184;207;240;264;279;307;295;284;305;324;298;282;317;330;305;288;320;333;313;296;4
29;185;181;204;241;268;267;302;286;270;292;316;289;273;305;325;299;281;312;333;313;295;4
29;180;176;190;215;232;261;288;269;247;289;297;265;244;301;303;274;251;305;312;289;268;4
30;174;166;179;205;224;245;274;254;232;276;288;257;234;293;297;266;244;300;307;280;258;4
30;164;159;176;207;231;237;261;244;230;270;277;252;236;288;289;262;246;296;301;277;260;4
31;164;153;168;198;219;233;257;241;227;268;273;247;232;286;285;259;242;295;300;275;257;4
31;169;153;165;193;209;228;254;239;221;260;268;240;225;278;279;253;238;289;296;272;257;4
32;167;152;165;193;208;238;259;238;219;268;271;240;224;284;280;252;237;291;297;273;256;4
32;162;183;215;246;260;242;274;264;248;247;264;245;231;245;257;241;228;238;252;239;226;4
33;166;184;214;242;254;243;274;265;250;249;265;247;234;245;259;243;231;238;251;239;228;4
33;5;4;4;8;11;8;6;6;7;9;5;3;4;9;5;3;4;7;4;4;4;4
34;148;139;161;204;234;225;268;246;227;257;286;262;243;275;299;274;253;284;309;288;267;4
35;153;147;165;201;234;212;246;244;243;241;270;260;250;259;288;273;259;270;295;285;272;4
23;221;200;195;198;199;218;240;232;215;220;236;216;199;217;224;205;192;217;220;206;195;4
24;210;176;159;157;157;191;210;209;196;211;227;214;194;222;232;214;192;229;235;219;202;4
24;17;10;5;13;17;25;24;22;19;29;21;15;15;28;18;13;16;23;12;7;12;4
25;58;71;89;104;104;89;102;95;93;94;104;96;92;93;100;88;78;92;99;83;65;4
26;185;164;160;186;221;198;193;179;180;202;196;174;166;194;191;178;174;181;176;168;170;4
26;164;154;161;185;211;167;186;196;203;168;190;190;182;159;183;184;181;144;164;168;170;4
27;166;155;163;186;209;165;201;221;239;172;212;232;241;174;214;231;240;167;199;212;219;4
27;67;46;41;84;120;102;155;157;165;127;178;180;187;141;190;194;199;143;188;191;192;4
29;139;99;107;140;168;191;241;238;241;223;268;266;272;240;280;280;284;247;282;283;284;4
30;117;90;103;136;159;166;215;229;239;197;249;258;264;218;265;274;279;228;273;282;282;4
30;117;105;124;157;185;178;220;237;252;208;251;263;272;226;270;280;287;233;274;285;289;4
31;102;75;97;141;179;167;206;204;210;201;237;236;245;224;257;258;264;237;267;270;272;4
32;108;89;113;158;196;188;223;217;221;220;250;246;253;240;267;264;268;250;277;277;280;4
32;102;85;116;160;194;185;212;208;215;218;241;238;244;236;262;261;264;245;277;279;281;4
33;110;97;128;175;210;192;220;219;226;224;248;245;249;242;269;268;269;250;284;285;285;4
33;103;95;126;171;205;189;219;219;223;221;247;245;246;240;266;266;266;247;277;277;275;4
34;104;100;134;185;221;194;228;225;224;226;256;252;247;245;274;270;266;252;282;280;273;4
34;100;96;131;183;220;196;227;221;219;227;254;248;244;244;270;265;261;250;276;275;270;4
35;103;96;129;180;217;200;230;223;219;231;258;248;241;247;275;266;258;251;278;274;264;4
35;102;95;130;180;216;202;227;219;216;230;252;242;237;243;267;259;252;247;271;265;258;4
36;104;97;133;182;220;201;231;219;210;229;255;241;231;243;271;257;245;248;273;262;249;4
36;106;99;132;181;220;199;230;221;213;229;258;245;235;244;275;261;249;250;275;264;252;4
37;106;101;135;185;225;202;235;215;200;230;257;239;223;241;271;259;247;243;270;265;257;4
37;106;103;137;185;225;202;235;216;201;229;255;239;223;242;269;258;247;243;269;263;257;4
38;104;101;138;188;228;205;240;215;195;231;262;238;217;243;275;255;237;244;272;262;251;4
38;106;102;138;189;228;206;240;214;195;232;263;237;218;243;274;254;237;244;271;261;250;4
39;105;102;139;191;230;210;243;210;187;236;266;234;213;247;278;250;231;249;276;260;245;4
39;106;102;140;191;231;209;244;211;188;234;267;234;214;245;279;252;232;248;277;262;246;4
40;104;100;138;192;232;209;243;210;189;236;267;235;214;248;281;253;233;250;281;263;244;4
40;105;102;140;193;232;209;244;210;190;236;268;236;215;248;281;255;234;251;280;263;245;4
41;103;100;140;194;234;211;245;212;191;238;269;238;217;249;282;255;235;251;281;263;244;4
5;31;39;32;21;16;6;35;46;53;20;48;69;86;30;49;54;56;34;51;54;56;4
6;59;57;43;27;17;24;38;57;73;13;49;93;125;12;38;40;36;16;31;29;27;4
7;27;41;38;32;37;18;16;25;33;8;38;59;68;23;45;52;49;37;51;54;56;4
8;118;102;94;95;98;96;94;81;70;109;139;162;177;125;164;220;261;139;173;211;246;4
20;238;181;118;69;36;78;17;64;110;88;19;74;124;103;22;44;82;121;54;26;24;4
33;9;6;1;4;3;4;2;4;10;6;6;2;9;9;9;1;8;11;11;5;6;4
34;5;9;11;10;9;2;4;4;6;2;4;5;5;1;4;6;9;2;5;7;8;4
35;2;2;1;4;7;2;2;3;3;2;1;1;2;2;2;3;4;2;1;2;2;4
36;6;8;11;11;11;8;7;10;14;4;3;8;14;1;5;7;10;1;5;6;4;4
37;4;3;2;2;1;3;7;7;7;3;7;10;11;2;7;9;11;4;6;9;11;4
38;2;6;9;8;9;5;3;4;3;3;3;3;4;3;6;4;4;6;7;7;6;4
39;1;2;4;5;5;2;3;3;2;1;2;2;2;1;2;2;3;1;1;1;0;4
40;3;4;4;5;5;4;4;5;6;3;4;4;3;2;1;2;2;1;1;1;4;4
41;236;221;196;165;135;177;124;96;71;167;108;72;46;161;107;86;72;157;117;102;90;4
47;307;322;336;337;330;333;321;306;292;320;303;285;269;305;287;283;280;291;278;274;271;4
48;239;269;290;306;328;245;213;182;150;217;180;138;99;196;158;121;88;181;151;124;97;4
55;35;14;19;33;55;8;11;13;12;15;15;13;7;26;22;16;12;39;35;33;32;4
56;42;15;14;29;41;40;69;85;97;26;40;46;50;8;17;21;26;13;7;4;7;4
59;11;60;112;153;190;86;97;89;79;47;40;19;20;31;21;28;47;47;51;58;63;4
71;3;36;49;58;68;16;6;20;34;23;28;37;51;37;43;40;39;46;55;53;50;4
72;48;53;58;64;64;107;141;166;178;122;158;193;217;125;156;173;180;121;144;157;164;4
73;36;37;47;57;68;27;29;28;33;13;9;10;9;16;6;5;5;27;26;22;19;4
74;17;18;30;34;37;31;31;28;29;13;11;8;7;8;12;16;15;30;33;33;31;4
75;553;479;429;403;393;428;399;399;404;462;434;431;431;501;474;467;464;540;520;513;505;4
77;16;17;23;25;28;13;16;21;30;15;12;17;21;22;17;19;22;29;34;30;20;4
78;7;11;6;6;10;26;20;14;10;22;18;14;20;16;13;13;14;7;4;8;9;4
79;6;4;4;10;7;9;10;9;9;7;5;4;4;6;6;8;12;6;0;4;11;4
80;8;13;16;19;19;6;11;9;7;12;16;11;4;16;19;13;12;17;19;14;11;4
81;10;10;7;6;7;21;22;18;13;24;24;16;7;26;26;17;4;27;27;24;19;4
82;14;13;13;15;15;9;0;1;6;6;5;6;7;8;9;10;13;8;10;8;12;4
83;7;6;6;11;14;11;11;10;8;13;12;7;5;12;10;6;8;11;10;5;3;4
0;166;183;183;173;167;207;198;195;193;194;177;174;177;176;157;164;172;159;146;161;174;4
1;4;5;8;12;14;9;18;30;41;5;11;23;34;6;4;27;47;9;2;17;32;4
2;6;9;8;7;6;4;1;2;4;1;3;1;4;3;5;4;9;4;6;6;8;4
3;2;2;9;14;15;6;7;9;9;4;7;6;7;2;6;5;11;1;5;7;11;4
4;5;5;5;5;6;10;10;9;9;9;9;11;12;6;4;5;7;4;2;2;4;4
5;152;136;116;100;89;151;131;113;102;160;137;118;110;160;139;128;128;155;138;136;142;4
6;153;130;107;89;78;143;122;107;99;156;139;129;129;162;146;141;148;162;148;146;152;4
6;162;116;77;47;31;130;107;89;82;149;131;122;127;161;144;140;149;169;156;155;163;4
7;33;43;47;38;35;80;82;83;86;69;67;67;75;58;61;63;74;52;49;50;60;4
15;45;26;7;35;56;23;21;24;27;26;15;11;12;36;37;36;35;47;44;45;46;4
19;62;3;50;87;116;49;70;80;87;26;34;33;37;16;11;2;2;33;30;32;31;4
20;6;5;1;2;7;12;15;15;13;8;7;6;4;6;4;5;8;6;7;8;12;4
21;12;1;4;11;14;8;8;8;8;9;8;8;8;7;5;5;5;5;3;1;2;4
22;5;12;19;21;22;7;6;8;9;2;5;5;6;10;14;15;16;18;21;22;25;4
23;2;21;26;23;22;18;13;12;11;5;1;2;5;10;17;19;21;26;34;37;39;4
24;4;24;34;33;33;25;24;25;28;14;11;8;6;19;21;20;18;33;40;42;44;4
25;5;5;7;6;7;4;5;5;4;4;4;4;5;3;2;2;3;3;3;3;4;4
26;4;3;3;4;4;2;2;2;2;1;2;3;4;3;3;3;4;4;4;4;5;4
27;4;6;6;8;9;2;2;2;3;4;2;1;1;2;2;2;3;2;3;3;4;4
28;4;1;1;1;1;2;6;7;8;2;5;8;10;5;5;7;9;7;10;11;12;4
29;2;23;29;25;23;23;23;21;20;6;4;2;2;11;18;19;20;30;36;38;39;4
30;6;21;31;30;30;23;27;26;22;7;8;7;4;13;15;17;19;30;35;37;39;4
31;2;3;4;3;4;3;6;8;11;2;3;5;8;1;1;2;3;1;1;1;2;4
32;2;23;31;33;35;20;17;16;16;8;8;11;15;14;23;25;27;28;37;41;42;4
33;5;23;36;40;45;17;18;18;16;3;6;6;4;12;20;23;24;24;33;37;39;4
34;0;7;11;11;11;4;4;7;7;2;6;11;13;5;7;8;9;9;9;9;10;4
35;598;536;509;516;533;524;548;562;567;566;584;588;585;604;617;613;607;634;641;637;633;4
52;18;18;25;35;44;9;8;36;55;7;15;36;51;11;18;37;52;16;22;35;47;4
53;14;20;20;17;7;33;35;32;41;32;33;31;32;31;32;30;28;31;33;29;24;4
54;166;158;234;343;425;289;431;432;395;336;480;467;430;371;507;482;440;395;509;489;452;4
55;168;168;243;350;428;313;443;434;395;358;490;472;434;386;516;489;446;404;512;491;453;4
0;63;39;24;18;11;21;13;11;18;28;13;9;7;34;16;10;11;40;29;22;24;5
0;49;34;35;37;38;35;52;50;56;33;48;41;38;35;43;35;33;39;45;41;40;5
1;34;20;7;6;6;6;6;8;19;9;10;8;8;11;16;12;8;12;15;12;10;5
1;9;9;8;6;2;5;1;4;5;4;4;0;4;1;7;1;4;3;7;4;5;5
2;212;193;191;213;244;216;243;223;209;218;244;222;203;213;243;223;204;201;229;217;198;5
3;223;257;258;243;235;255;248;228;220;209;214;193;178;156;176;160;145;101;123;124;119;5
3;249;274;271;262;262;281;262;252;256;239;231;224;224;189;193;191;191;136;139;153;167;5
4;227;268;277;279;284;256;258;251;243;211;228;226;216;161;194;195;185;108;141;162;173;5
4;230;282;296;300;307;268;263;262;267;225;228;237;248;180;199;212;222;130;154;178;199;5
5;73;69;101;158;207;131;187;185;187;156;205;207;215;174;222;220;227;187;226;226;228;5
6;142;119;148;205;246;207;276;253;231;239;298;273;255;258;311;284;265;273;315;294;277;5
7;122;110;146;198;233;202;265;252;236;232;288;270;251;250;304;286;265;260;310;295;276;5
7;126;137;177;228;261;236;288;269;250;262;310;283;259;277;327;302;276;284;331;310;288;5
8;111;128;173;224;260;233;281;274;259;260;305;292;271;273;320;304;281;275;319;308;289;5
8;122;140;183;233;269;249;291;279;262;274;313;298;279;284;325;308;287;284;324;313;294;5
9;113;133;179;230;272;246;282;265;247;273;305;286;265;283;321;300;278;285;321;308;288;5
9;122;139;183;235;276;249;286;269;251;276;309;289;268;288;326;304;281;291;326;312;292;5
10;120;133;178;231;275;248;284;264;245;275;306;285;265;287;321;300;281;289;325;312;295;5
10;123;136;181;235;278;251;286;262;243;275;309;286;266;286;321;301;281;286;325;313;294;5
11;126;139;182;237;282;251;283;259;239;278;304;280;263;289;318;298;278;290;324;311;291;5
11;126;138;182;236;282;248;284;260;242;276;302;280;263;287;317;298;277;289;324;310;289;5
12;132;142;182;237;281;256;291;264;242;286;309;282;261;297;323;299;276;300;330;310;288;5
12;130;146;187;241;282;256;296;268;243;283;310;282;258;292;323;298;274;293;327;307;284;5
13;138;149;189;243;282;263;303;271;246;289;317;285;261;299;327;300;277;300;328;305;283;5
13;136;148;186;240;278;259;299;269;245;286;314;284;261;297;325;299;277;297;325;304;283;5
14;142;153;191;244;282;266;308;275;252;291;320;290;266;299;330;302;281;298;327;306;286;5
14;143;151;190;242;281;264;305;272;248;289;318;287;265;298;327;299;280;298;326;304;285;5
15;144;154;192;244;284;264;308;274;250;288;321;289;267;297;326;299;279;298;326;304;284;5
15;143;153;189;242;282;260;307;274;249;285;321;290;266;294;327;300;278;295;325;304;284;5
16;144;153;189;242;282;260;306;274;250;284;320;290;266;293;328;301;279;294;326;306;286;5
16;144;151;188;240;281;260;305;273;249;284;319;289;267;295;327;301;281;297;327;308;289;5
0;386;319;282;274;281;358;358;360;363;413;420;424;426;453;469;474;475;480;508;523;535;5
0;390;324;288;280;282;368;366;368;370;421;427;428;428;460;475;480;478;485;514;528;533;5
1;388;321;285;279;284;368;365;366;367;422;427;427;425;462;476;480;477;488;517;530;532;5
1;389;323;288;281;285;370;366;365;366;423;429;429;428;462;478;483;480;487;518;530;532;5
2;388;321;287;280;285;370;366;366;367;424;429;430;429;463;479;483;480;488;520;530;532;5
2;387;321;288;281;286;372;369;370;370;425;430;430;430;465;480;483;481;489;519;530;532;5
3;386;320;287;281;287;371;369;369;369;424;431;431;431;465;481;485;483;489;520;532;533;5
3;386;320;289;282;288;373;371;367;367;427;432;431;430;466;481;485;483;490;520;531;531;5
4;386;320;289;282;289;372;370;366;364;426;431;430;429;465;481;484;482;489;520;531;531;5
4;385;319;288;282;288;373;371;367;365;427;432;431;430;466;481;484;482;490;520;531;531;5
5;384;319;288;283;290;373;370;365;363;426;430;428;427;467;479;483;481;490;519;531;531;5
5;384;318;288;283;291;373;368;362;360;425;429;427;426;465;480;485;484;488;519;530;530;5
6;385;317;288;283;289;372;368;361;358;425;429;427;424;463;480;485;484;487;518;530;531;5
6;386;319;289;284;289;372;368;362;357;426;429;426;425;465;479;484;482;487;517;530;531;5
7;391;322;291;286;291;377;368;361;357;432;431;426;425;470;481;483;481;493;519;529;529;5
7;390;322;291;286;291;382;372;363;357;434;435;431;429;472;482;484;484;494;519;530;532;5
8;396;328;296;287;289;387;374;355;346;436;435;426;422;470;481;481;479;490;517;527;530;5
8;398;333;298;286;285;389;371;349;337;440;436;424;416;473;482;480;475;490;515;523;526;5
9;396;335;296;281;278;372;347;334;329;421;413;408;405;457;468;474;476;482;507;521;531;5
9;392;339;301;284;281;375;347;324;311;419;410;393;384;451;462;458;454;474;499;511;521;5
10;401;400;395;394;391;395;375;349;331;397;380;357;343;396;388;374;366;396;393;390;390;5
11;417;422;419;406;380;407;368;334;309;395;350;306;277;385;346;311;291;379;347;323;309;5
11;346;335;319;303;291;313;300;300;299;313;307;301;293;312;305;300;294;310;303;298;293;5
13;259;249;224;203;192;186;186;201;212;180;184;202;210;179;183;197;203;181;185;194;198;5
13;254;204;163;145;144;161;161;176;190;189;195;213;226;220;231;245;253;250;262;268;269;5
14;116;124;126;124;118;128;103;71;45;112;79;42;16;94;61;26;1;75;53;31;14;5
15;11;36;54;55;55;16;13;35;62;17;29;61;92;44;54;78;103;66;75;91;107;5
16;47;39;58;84;99;115;143;137;141;141;165;160;165;155;179;173;174;159;181;177;178;5
20;11;17;21;22;10;20;10;9;9;18;6;8;7;13;5;9;9;12;9;11;9;5
21;6;4;2;2;2;10;10;7;5;11;12;9;8;11;11;9;8;12;12;9;8;5
22;3;5;7;7;5;10;5;2;3;9;2;2;2;6;1;2;2;3;4;5;5;5
0;427;365;312;279;273;367;315;298;298;416;356;344;356;454;393;382;399;479;435;421;432;5
0;433;375;324;292;280;355;307;307;313;402;353;358;370;442;392;394;408;472;436;432;440;5
1;442;426;392;353;326;411;358;350;354;419;363;360;364;425;372;368;373;429;391;386;386;5
2;441;427;393;355;325;406;362;361;368;412;364;362;366;417;372;369;375;423;391;385;387;5
2;445;428;397;360;328;407;363;365;375;410;363;369;382;415;371;372;382;421;391;391;396;5
3;446;429;397;359;325;411;365;365;375;416;366;369;379;421;373;371;378;426;392;391;394;5
3;445;432;400;364;335;407;361;369;385;411;364;374;388;416;371;376;387;421;391;394;398;5
4;446;434;401;364;334;409;361;372;390;413;365;377;391;418;372;379;390;422;391;395;400;5
4;444;431;395;356;325;408;364;370;384;415;369;377;388;419;376;385;397;421;392;397;406;5
5;445;433;394;353;325;412;364;370;383;419;369;374;385;423;375;383;395;425;392;396;405;5
5;444;434;399;362;336;414;366;373;386;420;369;375;386;425;374;379;389;427;392;392;396;5
6;444;434;400;362;337;412;365;373;385;418;368;375;385;423;375;379;389;426;392;392;396;5
6;444;434;401;362;335;413;365;375;388;418;366;377;390;421;372;380;393;423;390;392;398;5
7;445;435;402;363;334;414;365;375;389;418;365;378;391;421;371;381;394;422;390;393;399;5
7;446;432;396;356;328;412;362;365;372;421;365;371;381;426;374;382;394;427;394;394;402;5
8;447;432;397;356;327;414;364;365;371;423;367;370;380;428;376;382;394;429;395;395;402;5
8;448;435;404;366;334;421;371;374;384;427;370;375;385;431;377;382;396;431;396;397;404;5
9;448;435;404;367;337;422;372;377;387;428;370;377;387;432;377;384;397;433;396;397;405;5
9;451;435;399;357;328;424;367;372;384;431;367;373;385;434;375;381;393;436;394;397;407;5
10;454;438;402;361;330;427;368;373;385;433;369;375;388;436;376;381;395;437;396;397;408;5
10;461;408;352;312;284;396;330;332;340;434;368;366;370;465;406;401;407;487;448;441;442;5
11;461;408;352;312;283;395;331;333;342;434;368;366;371;464;406;401;407;486;448;442;442;5
11;452;395;350;322;305;381;343;348;355;423;387;387;387;458;426;419;418;482;459;451;448;5
12;459;401;355;324;306;396;348;345;351;436;387;381;383;467;422;411;412;487;453;441;440;5
12;0;7;17;24;22;17;27;15;17;12;23;14;19;7;17;13;25;4;12;13;24;5
13;464;414;374;345;326;404;362;345;338;434;388;364;357;455;413;386;378;471;436;411;403;5
14;456;427;402;384;369;408;385;374;368;418;388;374;371;424;395;382;381;430;405;390;386;5
14;115;143;163;180;184;157;181;184;183;144;167;167;161;129;154;152;143;113;137;135;131;5
16;439;387;327;275;239;325;234;223;233;324;237;254;286;325;248;272;305;325;267;284;310;5
16;355;321;271;226;195;255;171;156;161;246;158;179;210;237;159;184;216;230;171;192;218;5
18;308;265;216;164;128;234;142;123;136;234;133;129;156;228;135;137;163;216;143;144;163;5
12;16;32;50;65;72;56;79;69;58;55;77;66;57;55;73;64;56;53;66;61;54;5
14;42;28;28;24;18;34;33;34;34;47;51;51;50;65;70;67;65;84;89;85;82;5
16;60;48;65;88;99;102;118;106;95;114;126;110;101;119;130;115;105;123;132;122;113;5
16;75;59;68;86;100;97;116;117;117;108;124;125;126;117;128;130;132;122;133;134;137;5
17;74;61;73;91;106;88;111;113;114;98;122;124;125;110;128;131;132;120;135;137;138;5
17;98;107;127;148;165;133;159;156;148;136;165;156;146;137;166;155;144;138;163;155;146;5
19;57;61;80;107;129;96;128;122;113;106;141;130;118;110;146;134;123;115;143;135;126;5
19;57;67;87;110;129;104;126;125;127;114;138;138;139;118;140;141;140;119;137;139;138;5
20;48;80;107;129;144;108;121;125;129;99;115;118;120;88;105;107;107;75;90;92;91;5
21;50;84;110;132;146;112;121;125;131;100;112;118;121;87;100;103;107;73;84;85;86;5
21;42;74;98;114;123;106;117;120;125;97;109;115;118;85;98;102;106;73;84;89;92;5
22;41;74;97;110;119;106;117;119;122;98;111;113;114;87;101;102;103;76;89;93;94;5
22;3;10;13;13;14;6;1;1;2;1;3;4;4;6;9;10;9;12;16;16;17;5
23;21;22;25;28;27;23;21;10;4;19;19;6;5;16;18;6;6;14;17;8;4;5
24;20;22;25;28;29;22;23;12;1;18;22;8;4;16;21;8;4;15;19;9;3;5
24;1;1;1;5;9;6;8;6;4;5;6;2;1;4;5;2;4;6;8;8;5;5
25;20;20;22;22;22;25;25;13;6;21;25;9;4;21;26;11;5;23;29;18;9;5
26;20;25;26;26;25;31;30;18;10;25;28;13;2;24;29;17;11;26;32;24;17;5
26;18;21;23;21;16;29;29;18;10;26;27;14;2;25;30;18;11;26;32;25;17;5
27;3;2;3;2;2;1;1;1;3;1;1;1;1;1;2;2;1;2;1;1;1;5
28;1;4;5;8;11;3;2;1;2;3;0;1;1;3;1;1;1;1;1;1;2;5
29;1;2;2;6;7;1;3;2;2;1;2;1;1;2;1;2;1;2;2;1;1;5
30;1;1;5;7;10;1;1;2;3;1;1;1;1;1;2;0;1;1;1;1;1;5
31;0;1;3;4;6;1;1;1;1;1;1;1;1;0;2;1;1;1;1;0;2;5
32;1;1;1;2;2;0;1;2;2;0;0;0;0;0;1;0;1;0;1;0;0;5
33;1;0;1;1;2;1;1;2;1;1;1;1;1;0;0;1;1;0;0;1;0;5
34;0;1;2;2;4;1;1;1;1;0;1;0;1;0;1;0;0;0;1;1;1;5
35;1;1;1;2;2;1;1;1;1;0;1;0;1;0;1;0;0;1;1;0;1;5
36;46;63;79;90;97;90;105;97;90;88;103;95;89;86;102;94;84;84;94;87;80;5
37;47;63;78;89;96;90;105;98;91;89;104;96;89;87;101;95;85;84;93;86;80;5
37;1;1;1;3;4;1;1;1;2;1;1;1;1;1;1;0;1;0;1;1;1;5
31;212;234;243;248;257;204;178;187;201;193;171;186;200;186;174;186;200;181;173;187;202;5
34;68;95;102;105;105;111;127;125;116;100;111;100;91;87;86;77;69;74;71;60;48;5
37;49;108;168;214;235;231;259;237;216;235;263;236;212;230;254;227;202;221;243;221;201;5
41;138;192;252;298;320;311;347;318;294;313;345;315;291;303;334;306;280;287;312;290;273;5
41;144;167;212;257;284;305;334;311;286;327;342;314;286;327;341;316;289;318;327;307;287;5
42;148;159;196;237;265;283;312;298;281;310;334;313;290;315;338;317;293;311;328;310;290;5
42;147;167;207;249;279;296;312;293;276;314;328;303;282;314;327;303;282;301;316;297;278;5
43;149;176;217;253;277;299;312;300;291;305;318;300;288;297;309;295;285;279;290;280;272;5
43;153;169;203;236;260;286;301;292;284;295;315;302;289;290;312;303;294;276;298;292;285;5
44;33;55;61;59;50;16;15;19;20;13;4;3;11;28;21;15;14;39;40;36;36;5
45;134;185;236;278;302;296;326;302;278;305;335;309;288;301;331;307;282;285;316;298;275;5
45;128;147;194;245;278;293;320;289;266;318;340;307;285;321;346;318;294;311;336;314;289;5
46;121;140;189;245;282;286;310;278;254;311;331;300;274;314;338;312;286;306;333;310;286;5
46;123;144;192;245;282;268;308;285;261;290;330;306;278;293;337;315;288;285;330;316;293;5
47;128;147;194;244;282;266;312;293;271;286;331;311;286;289;337;320;298;281;329;321;302;5
47;131;149;195;244;282;279;316;293;269;301;334;311;285;303;340;319;296;294;331;319;301;5
48;130;148;193;239;273;269;311;298;278;293;333;317;295;297;340;323;302;292;330;320;305;5
48;140;152;193;240;273;275;306;292;276;299;329;312;293;302;337;323;307;294;328;321;308;5
49;139;148;189;236;271;280;303;298;291;302;325;316;307;303;332;326;316;291;320;319;310;5
49;142;148;188;235;271;275;303;300;294;298;326;318;309;300;333;326;315;291;322;318;309;5
50;145;152;190;237;272;273;300;295;288;294;321;309;295;297;330;320;308;289;321;318;309;5
50;147;152;193;239;273;277;301;294;285;297;320;307;294;300;331;321;310;290;323;324;318;5
51;6;4;3;2;2;4;5;3;3;4;3;1;1;4;2;2;3;3;1;1;1;5
52;156;164;196;237;268;292;313;303;295;315;336;325;313;317;348;337;323;308;341;340;331;5
53;161;178;216;259;292;295;335;326;318;316;360;349;332;319;367;351;334;315;362;360;350;5
53;21;22;28;30;33;15;24;27;30;13;25;23;21;13;22;15;12;16;24;21;21;5
53;153;155;193;241;276;269;305;306;302;292;333;335;328;297;343;343;334;293;335;341;339;5
54;143;152;195;243;277;258;310;317;312;275;336;349;347;278;341;354;352;272;325;342;346;5
54;145;153;196;245;281;263;311;315;309;277;333;346;345;278;338;352;354;270;322;340;347;5
55;152;158;199;250;287;272;310;311;306;290;334;337;333;294;342;348;346;287;333;345;349;5
55;148;155;194;241;277;251;302;308;303;273;329;338;335;280;337;345;341;276;327;335;333;5
0;9;5;4;1;6;11;5;4;8;12;1;4;6;11;1;3;5;9;6;9;12;5
1;4;1;1;2;3;0;4;4;3;1;5;7;6;2;7;6;6;3;7;8;6;5
2;5;2;2;4;4;4;1;1;3;4;0;2;0;4;1;0;0;3;1;1;1;5
3;1;1;1;2;3;5;4;3;2;7;5;3;3;6;5;3;3;6;7;5;4;5
4;1;2;3;4;5;8;14;13;17;5;10;9;8;4;9;9;9;2;4;8;12;5
5;4;15;22;26;25;16;14;11;12;3;9;7;11;10;21;22;20;22;33;36;37;5
6;15;16;27;33;29;18;11;7;17;12;22;22;23;18;33;35;30;28;44;47;49;5
7;8;4;1;2;1;7;2;9;11;8;4;9;8;6;3;6;6;4;3;7;11;5
8;6;5;6;5;5;4;3;4;6;6;2;3;1;6;3;4;2;6;3;3;1;5
9;4;3;2;2;7;4;2;4;4;4;1;1;2;4;2;2;2;4;5;3;2;5
10;3;2;2;3;2;6;5;4;5;6;5;4;4;5;4;4;4;4;5;4;5;5
11;4;5;4;2;2;5;4;2;2;5;6;5;6;6;8;6;7;5;5;4;4;5
12;304;236;196;178;182;224;224;227;232;266;266;267;273;304;303;304;305;339;340;339;340;5
13;302;236;196;178;178;221;215;218;221;265;262;261;263;304;301;298;295;337;335;332;328;5
13;299;232;189;173;174;226;221;223;228;272;271;268;271;312;311;308;308;343;343;337;335;5
14;294;224;183;170;169;222;218;217;220;269;265;261;262;309;309;306;306;337;341;338;337;5
14;293;221;181;163;153;236;229;225;225;284;277;272;273;319;319;314;315;342;344;344;343;5
15;292;227;188;167;150;244;230;216;206;285;270;254;245;314;305;291;286;334;326;317;312;5
15;288;223;179;160;142;235;208;188;174;278;253;230;218;309;291;269;260;330;318;303;294;5
16;268;210;171;158;154;177;168;161;162;204;191;176;169;234;220;204;199;263;251;239;232;5
17;261;208;169;147;133;161;144;134;132;185;162;140;128;213;190;172;166;241;225;212;204;5
17;66;82;102;119;130;104;129;140;149;101;125;138;147;99;123;139;152;100;119;130;141;5
19;183;118;75;82;112;123;131;160;187;173;194;223;247;216;234;252;266;250;265;269;271;5
20;34;62;110;128;127;105;109;110;110;62;56;61;68;39;31;29;35;58;54;37;21;5
21;22;34;68;111;151;55;102;141;168;58;128;171;193;70;142;183;201;86;143;169;181;5
22;31;30;49;78;107;62;111;143;167;79;134;171;197;95;150;184;205;109;149;174;191;5
22;64;45;56;79;99;103;143;158;168;131;174;190;202;147;189;200;207;159;191;198;203;5
24;104;89;97;114;133;141;178;190;192;171;214;220;217;191;230;230;221;204;236;235;226;5
24;97;76;87;106;128;131;166;183;186;164;205;217;215;189;229;235;229;209;243;246;240;5
25;102;79;86;110;137;137;166;176;178;174;209;218;219;201;236;236;229;222;249;248;240;5
25;99;76;83;107;133;143;165;171;172;181;210;214;210;206;237;233;223;223;247;244;233;5
